SMILES,SMILES_state,NLL
CN(C)C(=O)c1cc(S(=O)(=O)N2CCCCC2)ccc1N1CCCC1,1,25.77
Oc1occ2c1-c1ccc(Br)cc1N=C(N1CCC(O)CC1)N2,1,32.21
Cc1c(-c2ccc(C(=O)Nc3ccc4c(c3)CN(C)CC4)cc2)nn(C)c(=O)c1Cl,1,33.68
Nc1ccc2c(c1)=Cc1c(nnn1CC1(O)CN3CCC1CC3)C(N)C=2,1,42.35
COc1ccc(N(C(=O)c2cnsn2)C(C(=O)NC2CCCCCC2)c2cccc(O)c2)cc1,1,32.07
O=C1Nc2cc(C(F)(F)F)cc(Br)c2C12OCCO2,1,30.01
CC1CN(c2nnc(C(F)(F)F)s2)CC(C)N1CCc1cc2cc(NC(=S)Nc3ccc(Cl)cc3)ccc2n1C,1,44.68
N#Cc1nc(-c2ccc(OC(F)(F)F)cc2)cc(N(CCc2ccccc2)CC2CC2)n1,1,29.27
COc1ccc(C(=O)NC2CC2)cc1,1,16.15
CC(C1CCc2onc(C(=O)Nc3ccc(N)cc3)c2C1)N1CC[N+]([O-])(c2ccccc2Cl)C1=O,1,44.07
Clc1c(-c2nc3c(Br)cccc3[nH]2)cc2ncccc2c1Cc1ccc2c(c1)OCCO2,1,46.39
COc1cc(C)c(-c2nc3ccncc3[nH]2)c(N2CCN(S(C)(=O)=O)CC2)c1,1,35.46
CCNC(=O)Nc1cccc2cc3n(c(=O)c12)Cc1cc2ccc(CN4CCN(C)CC4)cc2nc1-3,1,39.89
COc1ccc(CNC(=O)C2CCN(S(=O)(=O)c3ccc(S(=O)(=O)N4CCCC4)cc3)CC2)cc1,1,25.2
CN(C)c1ccc(=O)n(CC(=O)NC2CCCc3ccccc32)n1,1,26.28
O=C(Nc1ccc2[nH]cc(C3CCN(CCCN4C(=O)c5ccccc5C4=O)CC3)c2c1)c1cccc(F)c1,1,28.84
COC(=O)CN(c1cc(OC)ccc1OC)S(=O)(=O)c1ccc(Br)cc1,1,27.29
O=C(NCCCN1CCCCC1=O)c1c(=O)oc(O)c2ccccc12,1,30.88
O=[N+]([O-])c1cccc(S(=O)(=O)c2c(-c3cccnc3)[nH]c3ccc(Cl)cc23)c1,1,32.93
N=c1[nH]nnn1CCC(=O)NNC(=S)Nc1ccc(Cl)cc1,1,28.3
Cc1c(Br)cccc1NC(=O)C1(C)C(Cl)(Cl)C1(Cl)Cl,1,25.25
N=C(N)c1ccc(-c2nnc(Sc3ncc([N+](=O)[O-])s3)n2N)cc1,1,23.74
N=c1ccn(C2OC(CNC(=O)c3cc(Cl)c(=N)[nH]c3Cl)CS2)c(=O)[nH]1,1,35.12
Nc1nc2ccccn2c1CC(C(=O)NS(=O)(=O)c1ccc(Cl)cc1)c1ccc(OC2CCCC2)cc1,1,42.07
CN1C(=O)N(CN2CCN(c3cccc(Cl)c3)CC2)C(=O)C1(c1ccc(Nc2ccc(Cl)cc2)cc1)C1CC1,1,38.07
CN(C)CC(=O)N1c2ccc(C3CC3)nc2C(c2ccccn2)=NC1c1cc(O)n(C)c1O,1,45.73
N=C(N)c1ccc2oc3ccc(N4CC(CNS(=O)(=O)C(N)=O)C4)cc3c(=O)c2c1,1,44.22
C=CCNC(=S)Nc1ccc2c(c1)CCCc1nnc(C)n1-2,1,26.12
CC(=NN=c1oc(-c2c([O-])noc2-c2c(Cl)cccc2Cl)cs1)c1ccccc1,1,35.66
O=C1C(OC2OC(CO)C(O)C(O)C2O)C(CO)N1C1CC1,1,27.45
CCOC(=O)c1c(-c2ccccc2)nn2c1CN=C(c1ccc(O)c(CC=C(C)C)c1)c1cc(N)ccc1-2,1,38.8
N=C(N)c1cccc2ncccc12,1,19.83
O=C(Nc1ccccc1)NN1C(=O)CCOC12CCCCC2,1,32.08
O=[N+]([O-])c1c(-n2cc(CCCCl)nn2)ccc(Br)c1Br,1,28.6
O=C1NC2CSc3ccccc3C3=c4ccccc4=CC3=NC2N1,1,41.55
COc1ccc(-c2ccc(NC(=O)N(CC=Cc3ccccc3OC)Cc3cccc([N+](=O)[O-])c3)c(OC)c2)cc1,1,40.76
O=C(Nc1ccc(-c2ccccc2Cl)cc1)C1(NC(=S)Nc2ccccc2)CCC1,1,34.11
N=C(N)N1CCCC1c1nc(-c2ccc(-n3cnc(-c4ccc(C(F)(F)F)cc4)cc3=O)cc2Cl)no1,1,35.38
COc1cccc(Cn2cc(C(=O)NNC(=N)c3cccc(CN(CCCN)CC(O)Cn4c([N+](=O)[O-])cnc4C)c3)nn2)c1,1,56.87
Clc1ccc2c(c1)-c1nc(-n3ccnc3)ncc1C(c1ccsc1)Cc1cccn1-2,1,37.76
Clc1nc(-c2ccc(N3CCCC3)cc2)cc(-c2cc[nH]n2)n1,1,28.87
NC(=O)c1c[nH]n(-c2ccc(Cl)cc2)c(=O)c1=NCCc1ccccc1,1,23.22
CC(C)CCOc1cc(C(=O)Nc2cnccc2C2CC(C)CC(N)C2)c(F)cc1Cl,1,36.11
O=C(Nc1ccc(-c2cccc(F)c2)cc1)c1ccc(Oc2ccccc2)cc1,1,27.89
N#Cc1cc(NC(=O)c2ccc(Cl)s2)ccc1N1CCc2sccc2C1,1,26.95
FC(F)(F)c1ccc2ccn(-n3cccc3)c2c1,1,23.41
CCCN1CCC(=O)N(OS(=N)(=O)c2ccccc2NC(=O)Nc2ccc(F)cc2F)CC1,1,49.18
C=C(C)C1CCC2(C(=O)OCc3ccccc3)CCC3(C)C(=CCC4C5(C)CCCC(C)(C(=O)OC)C5CCC43C)C12,1,34.4
Cc1nc(C(=O)C2CC2)ccc1Oc1ccc2nc(C(=O)NCC34CNCC3C4)ccc2c1,1,43.25
N=C(CN(O)C(=O)NCCc1ccccc1Nc1ccc2ssc3ccccc3sc2c1)C(N)=O,1,50.91
COc1ccc(-c2cc(=O)c3cc(N4CCOCC4)c(O)cc3o2)cc1OC,1,25.96
O=C(O)C(NCCc1ccc2c3ccccc3n(Cc3ccc(Cl)s3)c2c1)C1Cc2cc3ccccc3nc2C1,1,55.27
CC(=O)c1ccc(O)c(C(C)Nc2c(Nc3ccc(Cl)c(OC4CCC4)c3)c(=O)c2=O)c1,1,43.59
CC(=O)c1cccc(-c2c3c(nn2-c2ccc(F)cc2)C(=N)NS(=O)(=O)N3)c1,1,32.49
N=C(N)c1ccc(C(NC(=N)c2cccc(C(=O)Nc3ccc(C4=NCCN4)cc3)c2F)C(=O)Nc2ccccc2)cc1,1,42.82
CCn1ccc(=N)cc1N1CCC(CN)(c2ccccc2)CC1,1,27.32
Cc1cc(=NC2Cc3ccccc3C2)n2[nH]c(C)c(-c3c(C)cccc3C)c2n1,1,27.1
COc1ccc2cc(CNCCN3CCCCC3)c(=O)[nH]c2c1,1,24.95
Cc1ccc(N(C(=O)Nc2ccc(Cl)c(Cl)c2)C2c3ccccc3-c3ccccc32)cc1C,1,37.14
O=C(Nc1ccc(N2Nc3cc(F)ccc3NC2c2ccccc2[N+](=O)[O-])c(F)c1)c1ccco1,1,41.26
CC(Oc1ccc(C=C2CCN(C(=N)N)CC2)cc1)C(=O)N1CCN(c2cccc(Cl)c2)CC1c1cc(Br)cs1,1,46.45
N=C(N)c1cccc(-n2nc(C(F)(F)F)cc2C(=O)N=c2cc(CCCCC(=O)O)o[nH]2)c1,1,33.42
COc1cc(C(=O)C=Cc2ccc(OC3OC(CO)C(O)C(O)C3O)c(O)c2)cc(OC)c1O,1,25.96
Nc1ccc(S(=O)(=O)N=c2[nH]ccnc2-c2ccc(C(=O)c3cccc(Br)c3)cc2)cc1,1,31.45
CCC(CN(Cc1cccc(F)c1)c1ccc2ncc(-c3cccc(S(N)(=O)=O)c3)n2c1)c1cc(=O)c(O)cn1Cc1ccccc1C,1,53.25
CS(=O)(=O)c1cncc(C2=C(c3cc(CC4CC4(F)F)cs3)C(=O)N(C(=O)C3CCCCC3)CC2)c1,1,54.51
NS(=O)(=O)c1ccc(CSc2nnc(-c3ccc4ccccc4c3)s2)cc1,1,27.79
CN1CCN(c2ccc3c(c2)S(=O)(=O)N=C(c2no[n+]([O-])c(Cc4cc(Cl)ccc4Cl)c2=O)N3)CC1,1,38.17
N#Cc1ccc(NC(=O)N2CCC(c3ncc(Cl)cn3)CC2)cn1,1,28.83
O=C1N=C(Nc2ccc(Cl)c(Cl)c2)SC1=Cc1ccc[nH]1,1,21.67
CCOCC(C)N(C(=O)Cn1cnnn1)c1nnc(C)c2nn(-c3cc(C)c(Cl)cc3C)nc12,1,54.2
CC(C)C(=O)NC(Cc1cccc(C(N)N)c1)C(=O)NC12CC3CC(CC(C3)C1)C2,1,33.99
N=c1cc(CSc2nc(=O)cc(O)n2CC(O)(c2ccsc2C(=C2CC3CCC(C2)O3)c2ccc(CCCN(c3ccccc3)c3ccccc3)cc2)C(F)(F)F)cc[nH]1,1,74.89
COc1ccc(C(=O)n2c(C(N)=O)c(CN3Cc4ccccc4CCC(NC(=N)N)C3=O)c3c(F)cccc32)cc1,1,45.86
OCC1OC(Oc2cc(O)ccc2Cn2cnc3nc[nH]c(=NC4CC4)c32)C(O)C(O)C1O,1,33.31
CS(=O)(=O)c1ccc(-n2nc(C(N)=O)c3c2CC2CC32)nc1,1,27.27
CCN(c1ccccc1)S(=O)(=O)c1cccc(NC(=O)c2ccc(F)cc2)c1,1,24.91
N=c1[nH]cnc(NCCN)c1-c1nc2cc(Cl)ccc2s1,1,26.68
N=c1c2ccc(CN)cc2[nH]c2c(C(=O)c3ccc4c(c3)OCO4)nnn12,1,34.36
CN1C(=O)C(c2ccc(OCC3CC3)cc2)(c2ccc(OC(F)F)cc2)N=C1N,1,18.81
CNC(=O)c1nc(COC)c2c(ccn2CCc2ccccc2OC)n1,1,37.3
Oc1c(Br)cc(N=c2cc(-c3ccccc3)oc3c(-c4ccccc4)cccc23)cc1Br,1,37.58
Clc1ccc(OCC(=Nc2ccccc2)C(Cn2cncn2)c2ccc(Cl)cc2Cl)c(Cl)c1,1,35.27
CC(C)(C)OC(Cn1ccnc1)c1cc(-c2ccc3c(c2)OCO3)on1,1,32.4
N=C(N)c1cccc(-c2cn(-c3ccc4cc(C(O)=NO)sc4c3)nn2)c1,1,25.11
O=C(Cn1cnc2nc3ccc([N+](=O)[O-])cc3cc2c1=O)NCC1CCCO1,1,33.88
CS(=O)(=O)c1ccc(C(=O)NNC(=O)c2ccc(Br)cc2)cc1,1,26.89
Clc1ccccc1C1=NCCN1,1,18.5
CC(=O)Nc1ccc(Cl)cc1NS(=O)(=O)c1ccc(C(C)(C)c2nnnn2C)cc1,1,31.81
O=C1CNC(=O)N1c1ccc(C=Cc2cc3cc(F)ccc3o2)cc1,1,30.5
N=c1nc(-c2ccc3c(=O)n4c(c(Cl)c3c2)CN(CCC2CC2)CC4)cc[nH]1,1,39.32
N=c1[nH]c2ncc(-c3c(Cl)cc(NC(=O)Cc4cccc(N)c4)cc3Cl)cc2s1,1,39.13
O=C(NCC[S+]([O-])CC1CC1)Nc1ccc(-c2ccco2)cc1Cl,1,34.67
CN1CCN(c2ccc(N3CC(Cn4ccc(-c5ccc6nn(C)cc6c5)n4)OC3=O)cc2)CC1=O,1,40.5
O=c1cnn(-c2cnccn2)c(O)c1,1,24.45
COc1ccc(CNc2ccc3[nH]c(Cc4ccc(Oc5ccccc5)cc4)nc3c2)cc1,1,28.37
COc1c(-c2ccsc2)ccc2cc(NC3CCNCC3)ccc12,1,31.52
CCC(CC)(c1ccc(C(=O)NC(CC2CCCCN2)C(=O)N2CCCC2C(=O)OC(C)(C)C)cc1)c1ccc(N(C)c2ccccc2)cc1,1,49.29
CNC(NS(C)(=O)=O)C1CCCN(c2cc(=Nc3c(C)cc(C)cc3Cl)nc(OC)[nH]2)C1,1,44.95
O=C(Nc1ccc(O)c(C2(C(F)F)CC2)c1)c1ccc(OC(F)F)cn1,1,25.15
N=c1cc[nH]c(=Nc2ccc(Nc3ccc(F)cc3)cc2)[nH]1,1,19.32
O=c1cc(-c2ccc(-c3ccccc3)cc2)sc(N2CCOCC2)c1,1,13.9
O=C(NC1CCC(O)C1)c1cc(=NC(=O)c2cc(-c3ncccc3F)c(F)cc2Cl)n(-c2ccccc2)[nH]1,1,24.26
FC1(F)CCN(Cc2nnc(Cn3cnc4cccnc43)n2Cc2ccc(OC(F)(F)F)c(Cl)c2)C1,1,38.76
O=S(=O)(O)c1c(N(C(=Nc2c(Cl)cccc2Cl)NCCCN2CC2)C2CCCCC2)ccc2ccccc12,1,50.83
N=c1[nH]c(=N)c2c(C=Cc3ccc4ccccc4c3)csc2[nH]1,1,28.49
COc1ccc(CC2CCc3ccccc3N(C(=O)CCC(O)=NC(=O)C(Cc3c[nH]cn3)NC(O)C(CN)(C(=O)C(C)(C)C)N(CC3CC3)C(=O)NC3CC3)C2)cc1,1,89.06
CN(C)CC(c1ccc(C(F)(F)F)cc1)N1C=C(C(F)(F)F)C2(CCCCC2=O)CC1=O,1,42.05
COC1=NN(C(=O)c2nnc(-c3ccc(Br)cc3)o2)C(C)(c2cccc(Oc3ccccc3)c2)C1,1,42.43
NS(=O)(=O)c1ccc(NC(=O)c2[nH]nc(C(F)(F)F)c2Cl)cc1,1,21.52
N=C(N)c1cc2ccccc2c(Br)n1,1,21.11
COc1cc2[nH]c(N3CCN(S(=O)(=O)c4ccc(Cl)cc4S(=O)(=O)c4ccccc4)CC3)nc(=N)c2cc1OC,1,31.13
c1cncc(-c2nc(CCOc3ccc4nnc(-c5cccnc5)n4c3)c[nH]2)c1,1,37.62
N=c1ccc(CC(=O)c2ccc(OC3CC3c3ccc(CN)cc3)cc2)c[nH]1,1,28.75
N=C(N)c1ccc2c(c1)c(-c1ccc(C(=O)O)cc1)nn2S(=O)(=O)c1ccc(Cl)c(Cl)c1,1,32.63
OC(c1cc2c(cn1)[nH]c1ccccc12)C(Cl)Cl,1,30.72
O=c1cc(O)[nH][nH]c1=O,1,19.64
O=[N+]([O-])c1ccc(N2CCN(CCN=c3[nH]ccc4sc(-c5ccccc5)cc34)CC2)c(-n2ccc(C(F)(F)F)n2)c1,1,43.35
Cc1ccc2cccc(C(N)=NC#N)c2c1,1,28.19
N=C(N)N1CCC(NC(=O)c2ccccc2)CC1,1,19.04
O=C(Nc1ccc(=O)n(Cc2ccccc2Cl)c1Cl)c1cccs1,1,23.3
Nc1ccc(N2CCC(c3cc(Cl)c(Cl)c(Cl)c3F)CC2)cc1,1,33.32
CC(C)CC(C[n+]1ccccc1)NC(=O)N1CCCC1,1,32.26
Cc1cc(C(=O)N=c2ccc(C(=O)NCc3cc(F)c(S(C)(=O)=O)c(Cl)c3)c[nH]2)n(-c2cc(F)cc(F)c2)n1,1,38.46
CN1C(=O)C(c2ccccc2)(c2n[nH]c3ccc(-c4ccc(CN5CCCC5CN)o4)cc23)C1=O,1,43.87
Cc1c(Cl)[nH]oc1=NS(=O)(=O)c1ccc2c(c1)C1(CCN(C)C1=O)CN2c1ccccc1OC1CCOCC1,1,49.69
CCn1ccnc1NS(=O)(=O)c1ccccc1,1,20.63
N=C(N)c1ccc2nc(-c3ccc(C(=N)NCCCN4CCN(Cc5ccccc5[N+](=O)[O-])CC4)cc3)ccc2c1,1,33.78
COc1ccccc1CNC(=O)CSc1cc(=O)n(C(C)C)c2cc(Cl)ccc12,1,30.75
CC(ONC(=N)c1cc(O)c(=O)n(C)c1)c1ccc(C(F)(F)F)cc1,1,30.14
O=c1ccccn1-c1ccc(NS(=O)(=O)c2ccc(Cl)s2)cc1,1,19.45
N=C(N)c1ccc(C(=O)Nc2cccc(C(=O)c3cc(C(=O)O)ccc3NC(=O)c3ccc(F)c(F)c3)c2O)cc1,1,40.53
N=C(N)C1=Cc2ccc(C(=O)N3CCc4ccccc43)cc2OC(c2ccccc2)C1=O,1,40.2
COc1ccc2c(c1)C(CCN1Cc3ccccc3C13COC3)C(=O)O2,1,40.56
Nc1ccc2nc(CCl)n(CCCCN(C(=O)NC3CCNCC3)C3CCCc4ccccc43)c(=O)c2c1,1,45.73
CCCCc1nc(Cl)c(C(=O)OCC2CCCCC2)n1Cc1ccc(-c2ccccc2-c2nn[nH]n2)cc1,1,20.58
CC(=O)N1CCN(C(=O)c2cccc(-c3ccsc3)c2)CC1,1,26.84
Nc1cc2sc(Cl)nc2cc1OCCn1c(=O)c2cccc3cc(c-2c1=O)C(=O)N3,1,38.95
COc1cc2c(cc1[S+](C)c1ccc3cc(C(=N)N)sc3c1)NC(=O)C2(C)C,1,42.37
O=C1SC(=Cc2cc(-c3ccccc3)n(-c3ccc(Cl)c(Cl)c3)n2)C(=O)N1C(Cc1ccc(O)cc1)c1nc2ccccc2o1,1,42.44
COc1ccc(C2SCCN2S(=O)(=O)c2ccc(C)cc2)cc1,1,21.76
O=C(O)c1c(=O)n(-c2ccccc2)nc2c(=O)[nH]ncc12,1,32.1
CN(C)C(=O)c1cccc(-c2nc(C3(c4ccc(-c5cnc(=N)[nH]c5)nc4)CC3)no2)c1,1,23.92
CCCN(CC=Cc1c[nH]c2ccccc12)C1Cc2cc(OC)c(OC)cc2C1O,1,35.97
CN(C)C(=O)c1ccc(C(O)(Cl)c2c[nH]c(=Nc3ccccc3)s2)cc1,1,32.6
Cc1ccc(N(C)CCNC(=O)CN2C(=O)CC(C)(c3ccccc3)C2=O)cc1,1,33.41
O=C(N=C(c1cccs1)c1cc(Cl)ccc1O)c1cc(Br)sc1Cl,1,37.89
N#CC(C(N)=NO)c1c(NCCC(=O)[O-])no[n+]1[O-],1,40.88
O=C(c1cc(Cl)c(Cl)cc1OCC(O)CNCCn1cnc2ccccc2c1=O)N1CCC(O)C1,1,39.66
COc1ccnc2ccc(S(=O)(=O)Nc3ccc(-c4nc5ccccc5s4)cc3)c(N)c12,1,36.99
Cc1cc(C(C)(C)C)cc(S(=O)(=O)N(CCCC(N)=S)CC(=N)C(Cl)S(=O)(=O)O)c1C,1,54.06
CCc1cccc(-c2nc(C3CCN(c4ccc(C)cn4)CC3)no2)n1,1,31.45
O=C1CCC2C(CN3CCN(c4ncccn4)CC3)N12,1,28.5
CC(C)N=C(N)c1cc2cc(C3=NCCN3)ccc2c(Oc2ccc(Cl)c(C(F)(F)F)c2)n1,1,39.0
COc1ccc2c(c1)N(C)S(=O)(=O)C1C3NCC2(N3)C(=O)N1C,1,39.13
COc1ccc(C=CC(=O)c2ccc(O)cc2OC)cc1OC(c1ccccn1)c1cccs1,1,37.5
CCOCCCN(C1CCC(CCN2CCc3ccccc3CC2)CC1)S(=O)(=O)c1ccc2c(c1)cc(CN)n2OC,1,46.65
COc1ccc(C(=O)c2ccccc2N(C)C)c(C=Cc2ccccc2OC)c1,1,37.02
O=S(=O)(c1ccc2ccccc2c1)N(CCn1cc(-c2ccccc2)nn1)c1ccc2ccccc2c1,1,37.01
COc1cc(C=Cc2nc(=N)c3ncn(C4OC(CO)C(O)C4N)c3s2)ccc1O,1,35.77
Cn1c2ccccc2c2c(-c3ccc(-c4ccc(OCCN5CCCC5=O)cc4)cc3)cnnc21,1,36.64
N=c1[nH]c2c(=Nc3ccc(S(N)(=O)=O)cc3)ccc3ccc(C(N)=O)cc3c2[nH]1,1,28.02
Cc1ccc2ccc(CNC(=O)C3c4cccc(CCc5cc(S(C)(=O)=O)ccc5Cl)c4CCN3C(=O)C(NC(=O)C3CCCO3)C(C)C)cc2n1,1,61.22
CCCC(N=c1ccc(S(=O)(=O)c2ccc(NC(=O)c3c(Br)c(-c4ccccc4C(N)=O)nn3C)cc2)c(C)[nH]1)c1ccc(C(F)(F)F)cc1,1,55.25
O=S(=O)(N1CCCC1)N1CCCC1Cn1cccn1,1,24.56
ON=C(O)C(Cl)=Cc1cccc(OCc2cn(-c3ccccc3)nc2C(F)(F)F)c1,1,35.76
Cc1nc(C(=O)NCc2ccccc2)cn1-c1ccc2cc(C(O)C(=O)Nc3cc(=N)[nH]cc3Cl)nn2c1,1,56.44
NCCN1CCN(CC(=O)N=c2cc(Oc3ccc(NC(=O)Nc4cc(C(F)(F)F)ccc4F)c(F)c3)cc[nH]2)CC1,1,31.38
CSc1nc(=NC2CCOC2)c2c(C#N)c[nH]c2[nH]1,1,32.84
CN(C(=O)c1ccc([N+](=O)[O-])c(C(F)(F)F)c1)C(C(=O)NC(CN1CCCC1)c1ccccc1)c1ccc(-n2cnnn2)cc1,1,42.35
C=CCn1ccnc1SCCOc1ccc(C(C)=O)cc1,1,24.23
CN(C)CC(=O)Sc1c(N(CF)CCCl)cc2oc(=O)ccc2c1[N+](=O)[O-],1,46.33
CN(c1ccc(S(C)(=O)=O)cc1)c1cc(-c2ccc(Oc3ccc(OC(F)(F)F)cc3)cc2)cc(C(=O)O)n1,1,37.68
COc1cccc(CN(CC=C(c2ccccc2)c2ccccc2)C(=O)c2cn(C)cn2)c1,1,37.35
CN(C)Cc1coc2nc(-c3ccc(NC(=O)C4CCC(=O)N4C45CC6CC(CC(C6)C4)C5)cc3)ccc12,1,45.2
COc1ccccc1Cn1c(-c2sc(N3CCOCC3)nc2NC2CCCNC2)nc2ccc(Cl)cc2c1=O,1,31.03
Nc1cccc(SCC(=O)c2ccc(F)c(S(N)(=O)=O)c2)n1,1,28.88
N=C(N)c1ccc(C(=O)Nc2ccc(Nc3c(O)cc([N+](=O)[O-])c4ccccc34)cc2)cc1,1,31.02
Nc1nc(N2CCc3ccccc32)sc1C(=O)NC1CCCCC1,1,27.47
CC(C)(C)c1ccc(C(=O)Nc2ccccc2C(=O)Nc2ccccc2)cc1,1,23.66
N#Cc1cccc2c1CCC2=O,1,25.09
COc1ccc2c(c1)c(Cc1ccccc1)cn2C(=O)c1ccc(Cl)cc1,1,22.9
NC(=O)c1ccc2c(c1)nc(C1CC1)n2CC(=O)Nc1ccc(SC(F)(F)F)cc1,1,27.78
Cc1ccc(-c2n[nH]c(=S)n2-c2ccc(C(=O)c3cc(Cl)c(Cl)s3)cc2Cl)cc1,1,33.85
O=C(NCCc1ccccc1)C1CCC(CNS(=O)(=O)c2cccs2)CC1,1,24.03
N=c1[nH]n(Cc2ccc(Cl)c(Cl)c2)nc1-c1ccc(NC(=O)c2cnccn2)cc1,1,33.43
CN(C)c1ccc(CN(CCCC(F)(F)F)S(=O)(=O)c2ccc(F)c(Cl)c2)cc1,1,31.33
Cc1nn(-c2ccc(F)cc2)c(=O)c2ccc(C(=N)N)cc12,1,24.13
CC(=O)NCC1CN(c2cc(F)c(CN3CCCN(c4cccc(C(N)=O)c4)CC3)c(F)c2)C(=O)O1,1,34.54
CCCc1nc2ccc(S(C)(=O)=O)cc2n1Cc1ccc(-c2ccccc2-c2nn[nH]n2)cc1,1,18.54
COc1ccc2c(c1)Nc1c([nH]cnc1=NCCN1CCN(C)CC1)N2,1,32.69
Cc1cnnn1CC(=O)C1(C)CCC2C(=CC=C3C(Cl)C(=O)CCC32C)C1C(Cl)Cl,1,43.99
NC(=O)N1CCN(c2ccc(NCc3ccoc3)cn2)CC1,1,30.81
Cc1c(C[S+]([O-])c2nc(N3CCC(N)C3)nc3ccc(Br)cc23)nc2sc3ccccc3n12,1,46.2
CN1CCN(C2CCN(Cc3cccs3)C2)CC1c1ccc(F)cc1,1,29.47
N=c1[nH]ccnc1N1CCN(C(=O)N(CCc2ccccc2)C(=O)c2ccco2)C(Cc2ccccc2)C1,1,44.4
CCCCCSc1cccc(-c2nc(=N)c3nonc3[nH]2)c1,1,32.1
Fc1cc(F)cc(CSC2=NCCN2)c1,1,20.2
O=C1COc2ccc(C3(CC4CCN(c5ccccn5)CC4)NC(=O)NC3=O)cc2N1,1,28.12
COc1cccc(C=Cc2nc3ccccc3nc2-c2ccc3c(c2)OCO3)c1OC,1,32.11
Cc1ccccc1CN1CCCC(NC(=O)c2ccc3n[nH]c(-c4ccc5nccn5c4)c3c2)C1,1,29.06
NS(=O)(=O)c1ccccc1-c1ccc(C(=O)N=c2[nH]nc(N3CCOCC3)s2)cc1,1,22.29
Cc1c(C(=O)c2cccs2)c(N)nn1Cc1cc(=O)[nH]c2ccccc12,1,30.72
CC(c1nc2ccc(F)cc2[nH]1)C(SCCc1ccccc1)[N+](=O)[O-],1,43.62
Cc1c(Cl)ccc(N2CCC(C)CC2)c1NC(=O)c1ccco1,1,28.7
N=C(N)Nc1ccc(S(=O)(=O)c2ccc3c(c2)C2CN(CCc4ccc(-c5ccccc5)cc4)CCC2O3)cc1,1,36.37
O=C(Nc1cc(=O)cc[nH]1)c1cc(Br)ccc1NS(=O)(=O)c1ccc(Cl)c2cccnc12,1,38.08
O=C1Nc2cncn2C(O)(c2cccnc2)N1Cc1cn(Cc2c(F)cccc2F)nn1,1,47.33
CCOc1ccc(Nc2ccc(N)cc2)cc1,1,20.27
CCN(CC)c1ccc(C2N(CC)C(=S)N2Cc2cc([N+](=O)[O-])ccc2OC)cc1OC,1,41.65
O=C(CCC1CCC1)NS(=O)(=O)c1ccc(NC(=O)Nc2ccc(Cl)cc2Cl)cc1F,1,34.51
Cc1ccc(C#N)cc1Cc1nn(C)c(=S)n1-c1ccncc1,1,37.55
Oc1ccccc1C1C(C2=NOC(c3ccco3)C2)N1c1cc(Cl)ccc1Cl,1,39.54
COc1cccc(N2CCN(c3ccc(-n4cc(C(=O)NCCCCNC(=O)NCC5=NCCN5)nn4)cc3)CC2)c1,1,43.63
O=C(CSc1nc2cc(Cl)cnc2[nH]1)NCC1CCCN1,1,27.74
NC(=O)c1cccc(-c2csc3c2c(=O)n(Cc2ccncc2)c(=O)n3C2CCC(O)CC2)c1,1,35.74
CCOC1CN(c2nc(CCC(F)(F)F)n(-c3ccc(S(N)(=O)=O)cc3)n2)CCN1C(=O)C1CC2(CN1)CC(N)C2,1,50.68
CN(C)CCCC1c2ccc(O)c3c2N1c1ccc(NCCc2ccc(F)cc2)cc1O3,1,38.1
C=C(C1(C(=O)c2c(O)c(C(=O)O)n(C)c2O)OC1c1ccc(Cl)cc1Cl)S(N)(=O)=O,1,56.75
N=c1[nH]c2c(S(=O)(=O)N(CC(O)CN3CCCC3)C3Cc4cc([N+](=O)[O-])sc4C3)cccc2s1,1,45.11
CCOCc1ccc(N2CNC(=O)C2(CNC(C)=O)N2CCN(C(C)C)CC2)cc1C(F)(F)F,1,42.35
CC(C#N)NC(=O)C1CC(O)CN1Cc1ccccc1-c1ccc(-n2c(=O)[nH]c3cc(C(F)(F)F)ccc32)cc1,1,42.27
CC(C)COc1ccc(S(=O)(=O)c2ccc(Cl)cc2S(=O)(=O)c2ccc(S(N)(=O)=O)c3ccccc23)cc1,1,35.28
O=C(CNC1CCc2ncnn2C1)Nc1cccc(S(=O)(=O)N2CCN(c3cccc(Cl)c3)CC2)c1,1,31.15
Cc1cc2c(cc1C1=CCN(CCCCCCOc3ccc4oc(=O)c5cc(C(=N)N)sc5c4c3)CC1)CCO2,1,46.61
COc1cc(C(=Nc2ccc(NS(=O)(=O)c3cccc(N)c3)cc2)c2c(O)c(O)c3ccccc3c2O)cc(OC)c1OC,1,34.7
CNCc1cccc(Oc2ccc(C3=Nc4cc(Cl)c(C(F)(F)F)cc4Nc4nn(C)nc43)cc2)n1,1,37.93
O=C(COC(=O)C=Cc1ccc2c(c1)OCO2)NCc1ccc(Cl)cc1,1,23.64
C=CC(=O)Nc1cc(C(=O)N2CCc3cc(Cl)c(-n4cncn4)cc3C2)cc(-n2c(C(N)=O)cc3ccccc32)c1,1,45.83
Cn1c(C(=O)Nc2ccc(C(=N)N)cc2)cc2cc(C(=O)Nc3ccc(-c4ccccc4S(N)(=O)=O)cc3)sc21,1,29.63
CCCc1nc(=N)c2nnn(Cc3ccc(-c4ccc(OCCCCC(O)=NO)cc4)cn3)c2[nH]1,1,37.75
CCOc1ccc2cc(-c3noc(-c4ccnc(C#N)c4)n3)cnc2c1,1,29.72
COc1ccc(OCC2OC(C(NS(=O)(=O)C3=CC=c4ccc(cc4C(=O)NCC45CC6CC(CC(C6)C4)C5)=C3)C(=O)O)C(OCc3ccccc3)C(O)C2O)cc1,1,50.09
CN(CC1CC1)S(=O)(=O)N1CCC(c2ccc(C(O)(C(F)(F)F)C(F)(F)F)cc2)(S(=O)(=O)c2cccc(F)c2)C1,1,35.31
Cn1cnc2c(N3CCOCC3)nc(=NN=Cc3c(Cl)cccc3Cl)[nH]c21,1,27.42
O=S(=O)(c1ccc(Br)cc1Br)N1CCCCC1,1,22.64
CC1CC(OCC(O)CN2CCN(C(c3ccccc3)c3ccc(F)cc3)CC2)CCCS1(=O)=O,1,39.33
CN(Cc1ccc(C(O)=NO)cc1N)S(=O)(=O)c1cc2ccccc2o1,1,39.31
O=C(O)c1ccccc1N=c1cc[nH]cc1[N+](=O)[O-],1,20.33
N=C(N)c1ccc(-c2noc(=O)n(CC(=O)NCc3ccccc3)c2=O)cc1,1,32.77
COC(=O)C1=C2CCCCC2C2(N=Cc3cccc(OC)c3O)N(N)C(=O)c3ccccc3N2C1=O,1,51.05
COc1ncc(Cl)cc1NC(=O)CN1C(=O)C(=O)c2cc(Cl)ccc21,1,27.02
O=C(CSc1ccc2nnc(-c3cccnc3)n2n1)Nc1ccc(Cl)c(Cl)c1,1,25.75
NC(=O)c1cc(-c2ccccc2Cl)on1,1,19.66
Cc1ccc(=NC(=O)CCCn2nc(-c3ccc(F)cc3)ccc2=O)[nH]c1,1,26.43
COc1ccc(C(NS(=O)(=O)C(F)(F)F)c2ccc(N(C)S(C)(=O)=O)cc2)c(OC)c1,1,34.0
O=c1nc(-c2c(Cl)cccc2Cl)ss1,1,19.45
O=C(NCc1ccon1)N1CCN(CC2CC=CCC2)CC1,1,30.23
C[n+]1csc(C=O)c1-c1ccc(-c2ccc(OCCn3cnc4c5ccc(-c6nnc(-c7ccc(C#N)cc7)o6)cc5c(-c5ccccc5)cc43)cc2)cc1,1,53.71
NC(=O)C1(n2c(=O)ccc3ccccc32)CCN(c2ccc(-n3c(C(F)(F)F)nc4ccccc43)cn2)CC1,1,35.65
Oc1ccc(O)cc1,1,14.26
O=C1C(Cl)C(c2ccc([N+](=O)[O-])cc2)N1c1cccc(Cl)c1Cl,1,24.9
COc1ccc(C(NS(C)(=O)=O)SC)c(OCc2ccc(C(N)=NO)cc2)c1OC,1,46.52
CCCCCN1CCC(Oc2ccc(Nc3ccc(N4CCCC4=O)cc3)c3nccc(C)c23)CC1,1,35.36
CC(C(=O)NCC(F)(F)F)c1c[nH]c2ccc(C3=NC(C)(C)CO3)cc12,1,31.37
NC(=O)C1CCN(CCCOc2ccccc2Cc2cccnc2)S1(=O)=O,1,34.59
CCC(C(=O)Nc1ccccc1C(=O)Nc1ccc(Cl)cc1C(CN1CCN(CC2CC2)CC1C)c1ccc(Cl)c(Cl)c1)C(O)=NO,1,57.43
CC(CNC(=O)NCc1cccc(-c2ccc(C3CCCN3)cc2)n1)N1CCN(c2c(F)cc(C(N)=O)c3ccccc23)CC1,1,51.38
CCN1CC=C(c2c(-c3ccc(NC(=N)N)cc3)noc2CCC2CCCN(C)C2)CC1,1,35.48
N=C(NN)c1cccc2ccc(Cl)cc2c1=O,1,26.88
O=C(NNC(=S)Nc1ccc(Oc2ccccc2)cc1)c1ccc(F)cc1,1,22.37
O=C(Nc1ccc(Cl)cc1)c1cccc(C(O)(C(F)(F)F)C(F)(F)F)c1,1,24.77
COc1cc2cc(C(=O)N3CCc4c(Nc5cccc(F)c5)ccc(NC(CC(=O)C(F)(F)F)C(=O)O)c43)[nH]c2c(OC)c1OC,1,45.06
COc1cc(Cl)ccc1-c1cc(C(=O)Nc2ccc(Br)cc2F)no1,1,27.08
COc1cc(-c2ccccc2CN2CCCC2)ccc1NC(=O)c1nnn(-c2cccc(Cl)c2)c1OC,1,33.4
O=C(c1ccco1)N(Cc1ccco1)c1nc(-c2ccc(Cl)cc2)cs1,1,25.26
Cc1cc(C(=O)NCCOc2[nH]c(-c3ccc(Cl)cn3)nc(=NS(=O)(=O)c3ccccc3)c2Oc2ccccc2)c2ccccc2n1,1,47.09
CCN(CC(=O)NN=C(C)c1ccc(C)cc1)Cc1ccc(O)cc1,1,33.78
N=c1c(C=Cc2ccccc2)c[nH]cc1[N+](=O)[O-],1,24.53
C=C1C(C=c2c(O)c(OC)c(OC)c(C(=O)c3ccc[nH]3)c2=C)=C(C(=O)OC)c2c1cccc2C(C)C,1,52.6
CNC(CNC(=O)C(=O)N1C(=O)C(Cn2ccccc2=O)CC1c1ccc(OCc2ccccc2)cc1)C(N)=O,1,49.51
O=C(CNC(=O)c1cccc(C(F)(F)F)c1)NC1CN(CCC2(c3ccc(Cl)cc3)CCCN(CCc3ccccc3)C2=O)C1,1,31.52
COc1cccc(S(=O)(=O)NCc2oc(C3CC3)nc2-c2ccc(C(F)(F)F)cc2)c1,1,33.38
O=C(NS(=O)(=O)c1ccc2ccccc2c1)c1ccc(CN(CC(F)(F)F)C(=O)C2CCCC2)cc1,1,32.6
O=S(=O)(c1cc2ccccc2s1)c1n[nH]c2cc(Cl)c(F)cc12,1,28.68
COc1cc(C2C(C)C(=O)N2Cc2cccc(NS(=O)(=O)c3cccc(C(C)=O)c3)c2)cc(N(C)S(C)(=O)=O)c1,1,47.33
CCOc1ccc(C(=O)Oc2c(OCC)ccc3ccc(=O)oc23)cc1OCC,1,29.66
CC(=O)OC1CC(n2cc3cc(CC4CCN=CN4)[nH]c3nc2=O)OC1OC(C)=O,1,46.0
CCn1c(N)c(C(=O)c2ccc(F)cc2F)c(SCS(=O)(=O)NC2COC2)c1C(F)(F)F,1,50.06
O=c1[nH]nc2ccccc2c1[N+](=O)[O-],1,20.26
CCOC(=O)C(=O)Nc1cc(Cl)ccc1OCC1CS1,1,27.76
N#Cc1ccc2c(c1)CCCN(S(=O)(=O)c1cccc(F)c1)C2c1ccccn1,1,36.7
N=C(N)c1ccc(CCc2ccc(Nc3ccc(O)c(Cc4ccccc4)c3)o2)cc1,1,33.97
O=C(NCc1ccncc1)Nc1ccc(S(=O)(=O)NCCn2ccnc2)cc1,1,27.22
COc1ccc(CC=C(C)C=O)c(C=Cc2ccc(C(F)(F)F)cc2O)c1OC,1,33.57
O=C(Nc1ccc(-c2scnc2-c2ccc(F)cc2)cc1)C(F)(F)F,1,28.95
CCCC(=O)Nc1ccc2c(c1)C(=O)c1cc(NS(N)(=O)=O)ccc1C2=O,1,24.86
O=C(CN1C(=O)c2ccccc2C1=O)Nc1ccc(Cl)cc1,1,19.52
N=c1cc(-c2c3c(=O)n(CCCN4CC4)[nH]c3nn2-c2ccccc2)cc[nH]1,1,43.08
COc1ccc(CN2c3ccc(-c4cccc([N+](=O)[O-])c4)cc3OCC3OC(COc4ccccc4)CC32)cc1,1,42.21
CCCC(OC)(c1ccc(OC)cc1)c1oc([N+](=O)[O-])c2c([N+](=O)[O-])cc3c(c12)C(=O)NC3=O,1,45.55
CCCC(c1nnc(NC)o1)C(NC(=O)C(CC1CC(C)(C)NC1=O)NC(=O)C(NC(=O)OCc1ccccc1)C(C)CC)C(C)C,1,58.88
COC(=O)c1cn(Cc2ccc(-c3cc(C(F)(F)F)nn3-c3cccc(OC)c3)cc2F)c2cccc(F)c2c1=O,1,40.81
CN(CCc1ccccn1)S(=O)(=O)N1CCCC(CCNC(=O)c2ccc3ccccc3c2)C1,1,39.39
CN(c1ccccc1Br)S(=O)(=O)N1C(=O)OCC1C(=O)NC(Cc1ccc(-n2ccccc2=O)cc1)C(N)=O,1,46.68
NS(=O)(=O)c1ccc(NC(=O)c2ccc(NCc3ccc(F)cc3)c([N+](=O)[O-])c2)cc1,1,25.4
N=C(N)N1CC2CC3CC1CC(CCCC(=O)Nc1ccc(N=c4cc(C(F)(F)F)[nH]c(=Nc5ccc(Cl)cc5)[nH]4)cc1)(C3)C2,1,44.28
COc1cccc(CNC(=O)c2ccc(NS(=O)(=O)c3ccc(C(=O)Nc4ccc(S(N)(=O)=O)cc4)cc3)cc2[N+](=O)[O-])c1,1,38.61
O=C(Nc1ccc(C(F)(F)F)cc1)c1cc(Cl)ccc1O,1,18.52
COC(=O)Nc1cocc1COc1c(F)ccc(-c2cc(NC=O)ccc2SC(F)(F)F)c1F,1,56.7
O=C(Nc1cccc(Cl)c1Cl)c1sc(N2CCCC2)nc1[N+](=O)[O-],1,26.56
CN(c1cccc2sc(-c3nc(C=[N+]([O-])CC4=N[n+]5cccc(c5-c5ccccc5)C=C4)ccc3N)cc12)C1COCCO1,1,68.57
N#Cc1ccccc1CN1CCC(CN(Cc2ccsc2)Cc2nnnn2C2CC2)C1,1,32.48
COc1ccc2cccc(-c3cccc(N4CCN(S(C)(=O)=O)CC4Cc4ccc(=N)[nH]n4)n3)c2c1,1,45.45
NC(=O)c1cccc(-c2cc(N=c3ccc(N4CCCC(N)C4)c(C(N)=O)[nH]3)cc(C3CC3)c2O)c1,1,38.08
COc1ccc(OC)c(NC(=O)CN(C2=NC(c3ccc(Cl)cc3)n3[nH]c(=NCCO)nc3N2)c2ccccc2)c1,1,38.73
S=C(NN1CCOCC1)c1ccc(Oc2ccc3oc(=S)[nH]c3c2)cc1,1,39.58
COc1ccc2c(c1)ncn2-c1cc[nH]c(=Nc2ccc3sc(C(N)=O)nc3c2)n1,1,36.34
N#Cc1ccc(Cl)cc1-c1ccc(OC(F)(F)F)c(COc2cc(=O)oc3cccnc23)c1,1,36.15
Cc1cc(C(=O)n2cccc2)ccc1-c1ccc(C2(C(=O)Nc3ccc(C#N)cc3)CC2)cc1,1,36.84
CC(=N)NCC12CC3CC(C1)CC(CCNC(=N)c1ccc(-c4csc(=NCc5cc6ccccc6n5C)n4-c4ccc(Cl)cc4)cc1)(C2)C(F)(F)C3,1,69.72
COc1cc(C(=O)OCc2cn(-c3cccc(OCCCc4nn[nH]n4)c3)nn2)ccc1OC(F)F,1,37.48
CNC(=O)C(Cl)=Cc1ccc(-c2ccc(S(C)(=O)=O)cc2Cl)cc1,1,35.12
CC(Sc1nc(C(N)=O)nn1C)C(=O)N(C)Cc1ccc(F)cc1,1,39.98
CCN1CCN(CCCOc2ccc(Cl)c3c2CCc2cc(Br)ccc2O3)CC1,1,37.79
COc1ccc(C(=O)N=c2cc[nH]c(NC(=O)c3ccc(Cl)cn3)c2)cn1,1,24.23
N=C(N)c1ccc(Oc2nc(F)ccc2C(F)(F)F)cc1,1,20.18
CCCOc1cnc2c(C(=O)Nc3ccc(CS(=O)(=O)c4ccccc4)cc3)cnn2n1,1,37.15
O=C(Cn1nnc2ccccc21)Nc1ccc(C23CC4CC(CC(C4)C2)C3)cc1,1,24.72
CCN(C(=O)c1ccc(OC)c(S(=O)(=O)N2CCOCC2)c1)c1c(N)n(Cc2ccccc2)c(=O)[nH]c1=O,1,25.51
N=c1nc(N2CCN(CC3COC3)CC2)nc2nc(-c3ccoc3)[nH]n12,1,30.18
O=C(c1ccc(OC(F)(F)F)cc1)N1CCN(c2ccc(CN3CCCCC3)cc2)CC1,1,24.59
O=C(NCCCl)c1cc(N2CC(CNC(=S)CCl)OC2=O)cc(Br)c1O,1,38.97
COC(=O)c1c(C)csc1NC(=O)Cn1c(=O)oc2cc(CN)ccc21,1,34.58
CCn1c(C(=O)OC)c(C(=O)OC)sc1=S,1,28.03
CN(C(=O)c1cccnc1-n1nccn1)C1CCN(CC2CC2)CC1,1,25.97
N=C(N)c1cccc(N2CCC(Oc3cc(Br)cc(F)c3NC(=O)CNC(=O)c3ccnc(=N)[nH]3)CC2)c1,1,52.81
NC(=O)c1cccc2c(=NCCCOc3ccc(-n4cccc4)cc3)cc[nH]c12,1,28.11
CCc1ccnc(C(=O)NCc2ccc(N3CCN(CC(=O)Nc4cc(Cl)ccc4Cl)CC3)c(F)c2F)c1,1,42.75
COc1cccc(NC(=O)CCC(C)C2CCC3(O)C4CCC5=CC(OC)CCC5(C)C4CCC23C)c1,1,39.11
O=C(CCN=c1cc[nH]c2cc(Cl)ccc12)N1CCN(c2ccc(-n3ccnn3)cc2)CC1,1,28.49
CCCCCCCCCCCCc1ccc(CC2OC(=O)N(C)C23CCC(C(C)(C)C)CC3)cc1,1,46.61
N#CC(=NO)C(Nc1ccc(N2C(=O)CC2c2ccc(-n3cccc3)cc2)cc1)c1cccc(F)c1,1,43.65
N=c1c2ccccc2[nH]c2cc(C(=O)NCCN)ccc12,1,26.23
COC(=O)c1cn(CC(O)(C(F)(F)F)C(F)(F)F)c(=O)c(Oc2ccc(OC)cc2)c1Cl,1,37.85
CC1(C)CN(c2ccc(NC(=NCCCn3ccnc3)c3ccco3)cn2)c2ccccc21,1,39.66
O=C(C(Cc1ccc(O)cc1)N1CCC(NS(=O)(=O)c2cnc(N3CCCC3)s2)C1=O)N1CCOCC1,1,24.34
Nc1sc(-c2ccc(Cl)cc2)nc1C(=O)NCc1cccs1,1,20.59
CCc1csc(NC(=O)c2c(C)[nH]c3ccccc23)c1,1,32.24
O=C(COc1c(C(=O)NC(=O)C2CC2c2ccc(C(F)(F)F)cc2)oc2cc(Cl)ccc12)NCCN1CCOCC1,1,50.36
CN(C)C=Nc1nc(C(=O)NNC(=O)Nc2ccc(F)cc2F)cs1,1,27.21
COc1ccc(-n2c(CN)c(C3CC3C(=O)N(C)C)c3ccccc32)cc1,1,31.15
CCCc1ccc(NC(=O)c2c(=O)cc(N)n3c2[nH]c2ccccc23)cc1,1,29.11
CC(C)N(CC(=O)Nc1ccccc1)C(=O)c1ccc(Br)o1,1,27.05
Cc1ccc(NC(=O)c2nn(-c3ccccc3)nc2C(CSCCCl)Nc2ccccc2OCC(=O)N2CCCC2)cc1,1,49.65
Cc1nc(N=Cc2ccccc2O)oc1C(Cl)=NNC(=S)Nc1ccc(Cl)cc1,1,36.99
Cc1cc(C)c(C2SCC(=O)N2c2cc(C)on2)c(C)c1,1,25.06
O=C(CCc1ccccc1)CSCC(N=c1cc[nH]cc1-c1ccc(Cl)c(Cl)c1)C(O)=NO,1,43.18
N=C(N)c1ccc(CC(N)c2csc(=NC(=O)Nc3cccc(Br)c3)[nH]2)cc1,1,24.36
COc1cc([N+](=O)[O-])ccc1C(=O)Nc1ccc2snnc2c1,1,28.28
CCc1cc(C(=S)NNS(=O)(=O)c2ccc(N)cc2)cn1CCCN(C)C,1,42.26
O=c1c2cc(F)ccc2nc2n1CCN(CC=NOCc1cnns1)CC2,1,44.49
N=C(N)c1ccc(-c2cc(CC(=O)NCC(=O)Nc3ccccc3)on2)cc1,1,26.85
N=c1ccc2ccc(C(=O)NC3CCCCC3N)cc2[nH]1,1,28.8
COc1ccc(C=NNC(=O)CSc2nc3ccccc3c(=O)n2CCCOC(C)C)cc1O,1,30.45
CC(C(=O)Nc1cc(Cl)cc(Cl)c1)c1ccc(Nc2ccc(Cl)cc2)cc1,1,28.33
CCCN1CCOC(c2cc3ccccc3[nH]2)C1,1,22.62
CN(C)c1cc(C(N)=NNC(N)=O)cc(C(C=NNc2ccc(S(N)(=O)=O)cc2)=NNc2cc(Cl)c(Br)cc2Cl)c1-c1cc(S(=O)(=O)O)ccc1C=NN,1,73.98
COc1ccc(N(c2ccc(C#N)nc2)C2CCN(c3ccsc3C(=NO)N3CCOCC3)CC2)cc1OC,1,47.87
CCOCCC1(Oc2ccc(Oc3ccc(N4C=CC(C)C4CC(=O)O)cc3)cc2)C(=O)NC(=O)NC1=O,1,28.84
O=S(=O)(c1ccc(Cl)cc1)N(Cc1ccc2c(c1)OCO2)CC1NCc2ccccc2S1,1,28.99
CNCCCCNC(=O)Oc1cccc(-c2ccc3c(c2)C(=O)NC3=O)c1,1,32.18
CC(=N)Cc1c(C(=O)OCCN2CCOCC2)c(=O)ccn1-c1cc(-n2ccccc2=O)cs1,1,45.84
COc1ccc(Cc2c[nH]c3c(-c4ccc(C(=O)N=c5cc(Nc6ccc(Cl)cc6Cl)cc[nH]5)nc4)nc(SC)nc23)cc1,1,65.57
CCC(C)c1ccc(C(NC(=O)c2cccc(Cl)c2O)C2CC(CN)CC2=O)cc1,1,50.01
COc1cc(-c2c(-c3ccc4ncccc4c3)coc2O)cc(OC)c1OC,1,27.94
COc1cc(C=NNc2ccc(C(=O)Nc3ccccc3N)cc2)cc(O)c1O,1,31.64
CC(=O)Oc1ccc2c(c1)Cc1c(-c3ccc(C(N)=O)cc3)n[nH]c1-2,1,22.61
O=[N+]([O-])c1ccc(OCCCNC2CCCCC2)c(C(F)(F)F)c1,1,29.69
COc1cc2c(cc1OC)C(Nc1ccc([N+](=O)[O-])cc1)c1coc(O)c1C2=O,1,26.38
Cc1cn2c(n1)-c1ccc(-c3ccc(Cn4cnnn4)nc3)cc1-c1nc(C(N)=O)c(C)cc1N2,1,48.06
NC(=O)C1(C(=O)N=c2[nH]cc(Br)s2)CCC1,1,28.21
CNc1ccc(-c2cccc(C(=O)Nc3ccc(S(C)(=O)=O)cc3)c2)cc1,1,28.07
COc1ccccc1-n1nc(-c2cn(Cc3ccccc3)c3ccccc23)c2c1c(=O)n(C)c(=O)n2C,1,30.49
CCc1ccc(-n2c(N)c(C(=O)NCCCOC)c3nc4ccccc4nc32)cc1,1,26.87
NC(=S)NN=Cc1cccc([N+](=O)[O-])c1,1,18.8
CCOC(=O)COC(CN(C1=NN(C(=O)c2ccccc2)C(c2ccc(O)c(OC)c2)C1[N+](=O)[O-])c1ccc(-c2nonc2Cl)cc1)c1ccc(Cl)c(Cl)c1,1,74.79
Nc1c(C(=O)c2ccc(C(F)(F)F)cc2)n[n+]([O-])c(N)c1-c1nc2ccccc2s1,1,31.79
O=S(=O)(CCN1CCOCC1)NCc1ccc(N(CCCl)CCCl)cc1,1,25.0
Cc1nnc(-c2cccc(Cl)c2NC(O)c2cccc(Cl)c2OCCCn2ccc(=O)[nH]c2=O)o1,1,47.53
NC(=O)c1cccc(Cn2cc(-c3ccc(C(F)(F)F)cc3)nn2)c1,1,26.02
O=C(Nn1c(O)c2c(c1O)C(Cl)=CC2)NS(=O)(=O)c1ccc(Cl)cc1,1,31.65
O=C(c1oc2cccc(Cl)c2c1Cl)N1CCC(c2ccccc2)(c2ccccc2)C1,1,34.47
NS(=O)(=O)c1ccc(Nc2c(F)c(F)c(F)c(F)c2F)c(S(=O)(=O)c2cc(Cl)c(Cl)cc2Cl)c1,1,33.16
Cn1c(N)c(S(=O)(=O)c2ccccc2)c(=Nc2ccc(S(N)(=O)=O)cc2)n(-c2ccc(OCc3ccccc3)cc2)c1=O,1,33.94
O=C(Nc1cnc2ncc(-c3ccc4c(c3)OCO4)cc2c1)C1CC1,1,29.5
N=C(N)c1ccc2nc(-c3ccc(OCCCC(=O)O)cc3)ccc2c1,1,26.9
CCN1CCN(Cc2ccc(C=CC(C)c3ccc4c(c3O)C(C3(c5ccc6c(c5)OCO6)C(=O)OC3=O)C(c3cc(OC)c(OC)c(OC)c3)O4)cc2O)CC1,1,50.32
NC(=S)c1ccc2c(c1)sc1cccn12,1,24.94
COc1ccc(C(c2ccc(N(C)C)cc2)c2cccc(N)c2)cc1N=Nc1cc(S(=O)(=O)O)c(N)cc1O,1,36.5
COc1ccc(C2C(c3[nH]ccc(=O)c3O)C2(N)C(=O)O)cn1,1,35.74
CC(C)=CCOc1ccc(C=C2C(=O)c3ccccc3C2=O)cc1,1,21.99
N=c1cnc(-c2ccc(-c3ccccc3S(N)(=O)=O)cc2F)c(F)[nH]1,1,20.13
Oc1cnc(N2CCN(c3ccccn3)CC2)nc1,1,19.04
NS(=O)(=O)c1n[nH]c(=NC(=O)CSc2nnnn2C2CCCCC2)s1,1,23.12
COc1cc2c(Cc3ccncc3)c(C(C)=O)n(Cc3ccc4ccccc4n3)c2c2ccccc12,1,39.62
Cc1ccc2nc3c(cc2c1)-n1c-3cc2c(c1=O)COC(=O)C2(OC(=O)CCl)C(=O)Cl,1,32.87
Cn1ccc(COc2ccc3c(c2)CCCN3CC2(O)NC(=O)NC2=O)n1,1,35.72
CNS(=O)(=O)NCc1c[nH]c(C#N)nc1=N,1,31.55
CN1CCCC(n2cc(-c3cc(Cl)c(N)c(Cl)c3)nc2C(CO)NS(=O)(=O)c2ccc(N)cc2)C1,1,41.85
CN(C)c1cccc(-c2ccccc2C2Cc3cc(=C(N)N)ccc3=NC(c3ccccc3)C2)c1,1,36.52
N=c1[nH]c(=N)c2nc(-c3ccc(-c4cncc(CNC(=O)CN)c4)cc3)c(C(N)=O)cc2[nH]1,1,38.18
CS(=O)(=O)c1ccc2cc(C(=N)N)ccc2c1C(=O)N1CCc2ccc(NC(=O)c3ccc4ncccc4c3)cc2C1,1,46.47
O=C(O)CC1CCN(Cc2ccc3c(c2)CCC2C4CC(O)CC32CN4C(=O)c2c[nH]c(=O)c(Cl)c2)C1,1,49.72
Nc1ccc(-c2nc(-c3ccc(C(F)(F)F)cc3)n[nH]2)cc1,1,20.61
CCc1nn(CCO)c(CC)c1Oc1ccc(-c2ccc(F)cc2)cn1,1,24.16
CS(=O)(=O)c1ccc2sc(=NS(=O)(=O)c3ccc(C(=N)N)cc3)[nH]c2c1,1,30.72
CC(N=c1cc(-n2ncc3cc(F)ccc32)[nH]cc1C(=O)NCC(F)C(C)(C)N)C(F)F,1,29.86
NCCc1c(-c2ccc([N+](=O)[O-])cc2)[nH]c2ccc3ccccc3c12,1,30.49
Cn1c(O)c2nc3ccccc3c(O)n2c1=O,1,29.44
Brc1cc2c(cc1C(c1ccc(N3CCOCC3)nc1)n1cncn1)OCO2,1,33.58
O=C(CCNC(=O)c1ccc([N+](=O)[O-])cc1Cl)NCCCN1CCCC1,1,29.91
CNC(=O)c1ccc2c(c1)-c1nc(-c3ncnn3C(C)C)sc1C(C)(O)CC2,1,32.77
CC(Oc1cc(N2N=C(c3cc(C4CCN(CC(F)F)CC4)cs3)CC2c2cccnc2)ccc1C#N)(C(N)=O)C(F)(F)F,1,52.85
C=CCc1c(OC2OC(CO)C(O)C(O)C2O)ccc2oc(=O)c3c(c12)OC(c1c(OC(C)=O)c(OC(C)=O)c2cc(C)oc4cc-4c1c1ccccc1o2)O3,1,73.93
N=C(N)c1ccc(N=c2[nH]cccc2C2CCNC2)cc1,1,28.41
COc1ccc(Cc2c(N(C)C)ccc3ccccc23)cc1,1,27.44
CCOc1ccc(N(CC)C(=O)Cc2no[n+]([O-])c2-c2ccccc2)cc1,1,27.37
CN(C)CCCN(C(=O)c1ccc2c(c1)C(O)(C(F)(F)F)c1ccccc1-2)c1ccc(-c2ccccc2NS(C)(=O)=O)cn1,1,35.43
N=C(N)c1cccc(-c2c(O)c3c(N)cc(Cl)cc3c(=O)n2C(=O)c2ccccc2)c1,1,45.09
O=C(NC1CC1)c1cc2ccccc2n1Cc1csc(-c2cccc(Cl)c2)n1,1,27.6
O=C1COCCN1c1nnc(N2CCN(C(=O)C3CC3)C(c3ccccc3Cl)C2)s1,1,29.79
O=C1C=C(N2C(=O)c3ccc(Cl)cc3C2c2ccccc2)C(=O)N1c1ccc(Cl)c(Cl)c1,1,30.77
N=c1ccc2c(C3CCN(C(=O)NCc4cn(Cc5ccccn5)c5ccc(CN=c6[nH]s[nH]c6=Nc6c(Cl)cccc6Cl)cc45)CC3)c[nH]c2[nH]1,1,57.25
COc1cccc(CSc2nc(N)cc(=O)[nH]2)c1,1,20.37
CCn1c(=O)n(CCOc2ccc(CC(C(=O)O)C(=O)O)cc2)c2ccccc21,1,31.59
CS(=O)(=O)N1CCCc2cc(NC(=O)NS(=O)(=O)c3cccc(N)c3)ccc21,1,35.01
Cc1cccc(S(=O)(=O)Cc2oc(C(=O)NN)c3ccccc23)c1,1,35.65
COc1ccc(NC(=O)c2nn(-c3ccc(Cl)c(Cl)c3)c(C(=O)Nc3cccc(C)c3)c2C(=O)Nc2cc(OC)ccc2F)cc1,1,43.11
CNC(=O)c1c[nH]c2nc3ccccc3c(=Nc3ccc4oc(=O)ccc4c3)n12,1,38.19
CCOc1c(CC2=C(C)C(O)(C=C[SH](=O)(C(=O)OC)N3c4cccc(C)c4SCC3C(=O)OC)CC2C)cc(O)cc1OC,1,68.96
Cn1c(=O)n(Cc2ccccc2)c(=O)c2[nH]c(-n3cc(C4(O)CCNCC4)nn3)nc21,1,31.15
CN1CCC(Sc2cc(Cl)cc(NC(=O)CNC(=S)Nc3ccc(Cl)cc3F)c2Cl)CC1,1,41.19
Fc1cccc(-c2noc(-c3cn(-c4ccccc4)nc3-c3ccccc3)n2)c1,1,26.24
Cn1nnnc1-c1ccc(Oc2ccc(CNC(=O)C(CCc3cccc[n+]3[O-])NC(=O)C(CCCNC(=N)N)NS(=O)(=O)c3cccc(CCS(N)(=O)=O)c3)cc2)cc1,1,46.44
Cn1c(=O)c(-c2ccccc2F)cn1C1OC(CO)C(O)C1O,1,24.66
c1ccc(N2CCN(CCOc3ccc4c(c3)CCc3nnnn3-4)CC2)cc1,1,25.23
CN(C)c1ccc(C(=O)C=Cc2cn(-c3ccccc3)nc2-c2ccc(O)cc2)cc1,1,23.06
O=C1c2ccccc2NC(c2ccccn2)N1N1C(=O)c2ccccc2NC1c1ccccc1C(F)(F)F,1,31.62
CC(C)N1CCN(Cc2nc(-c3ccc(NS(C)(=O)=O)cc3)cn2-c2ccc(C(N)=O)cc2)CC1CCO,1,38.47
O=c1oc(N(CCCN2CCN(CCc3ccccc3)CC2)C2CCCCC2O)nc2onc(-c3ccccc3)c12,1,49.22
CC1=Nc2ncnn2C(c2ccccc2Cl)C1C(=O)Nc1ccc(Cl)cc1,1,21.94
Cc1cc(CNc2ccc(Cl)cc2C(=O)Nc2ccc(Cl)cc2)on1,1,27.24
N=C(NC1CC1)c1cccc(N(N)C(=N)Nc2ccccc2Oc2ccc(N=C=S)cc2)c1,1,38.28
NC(=O)c1ccc(S(=O)(=O)CCOc2c(-c3cc4cc(N)ccc4o3)c(=O)[nH]c3ccc(N4CCOCC4)cc23)cc1,1,48.87
CN(Cc1ccco1)C(=O)c1cc(OCC(N)=O)ccc1Cl,1,25.86
CN1CCC(n2nc(C3CCNCC3)c3ccc(NC(=O)c4ccc5ccc(NC(=N)c6nc(-c7ccc(-c8ccccc8C#N)o7)ccc6O)nc5c4)cc32)CC1,1,57.64
Cn1nc(-c2nc(C3CCN3C(=O)c3c(F)cnn3-c3ccc4occ(O)c4c3)no2)cc1C(F)(F)F,1,43.3
COC(=O)c1cnc2n(c1=O)CCC2c1cccc2c1CCN(S(=O)(=O)NS(=O)(=O)N1CCCC(C)(CN3CCCC3)C1)CC2,1,56.88
CCCC(=O)Nc1ccc(-c2nnc(N(CCCC(=O)O)C(=O)Cc3ccc4c(=O)[nH]c(=N)[nH]c4n3)s2)cc1,1,45.41
O=S1(=O)N=C(NCC2CC2)Nc2c(Cl)cc(Cl)cc21,1,19.47
O=C(O)Cc1ccc(C(=O)Oc2ccc(CCC(=O)N(CCc3ccccc3)c3ccc4ccccc4c3)cc2Cl)o1,1,49.36
O=[N+]([O-])c1ccc(N(c2ccccc2)n2c(O)ccc2O)cc1,1,22.04
CC#CCOc1ccc(SC(c2cccs2)C(SC2OC(CO)C(O)C(O)C2O)c2ccccc2O)cc1,1,44.03
Cc1ccc(NC(=O)c2cccc(NS(=O)(=O)c3ccc(Cl)s3)c2F)c(N2CCC(O)(C(F)(F)F)CC2)n1,1,36.42
N=c1[nH]nc(-c2ccc(-c3nsc4ncnc(N5CCCC5Cn5ccnn5)c34)cc2)s1,1,34.4
NCC(=O)Nc1ccccc1C1CC(c2cc(F)c(Cl)cc2Cl)=NN1c1cccc(Cl)c1,1,36.83
CC(Oc1cc(-n2cc(-c3cccc(Br)c3)ccc2=O)ccc1C#N)c1ccc(C[N+](C)(C)Cc2cccc(Cl)c2)cc1Cl,1,59.32
COc1cc(S(=O)(=O)N=c2[nH]cns2)c(OCC(F)(F)F)cc1-c1c(OC)ccc2c(C)noc12,1,42.11
CC(O)CN1CCN(C(=O)c2cc(C(=O)c3ccc(Br)cc3)n3ccccc23)CC1,1,32.59
CC(=O)Nc1ccc(-c2nc(Cc3ccc(Cl)cc3Cl)oc2SCC(=O)Nc2cccc(C)c2)cc1,1,37.85
Nc1ccc2c(c1)-n1nncc1Cc1ccccc1-2,1,17.68
CC(C)NC(=O)c1nc(CC(F)(F)F)n2c1c(=O)[nH]c1ccccc12,1,36.33
O=c1c(NCc2cccc(OC(F)(F)F)c2)c(NC2CCc3c(Cl)cc(Cl)cc32)c1=O,1,38.92
O=C(Nc1ccccc1C(=O)NN=Cc1cc([N+](=O)[O-])c2ccccc2c1)c1cccs1,1,30.59
COc1ccc(-c2ccc3c(C(N)N)c(Nc4ccccc4O)sc3c2)cc1,1,36.14
C=Cc1cc(OC)c2c(O)cc(C)c(-c3oc(-c4ccccc4OC)c4cccc(C=CC(=O)N5CCN(CCN(C)C)CC5)c34)c2c1,1,65.97
CC(C)(C)c1ccc(C(=O)Nc2ccc(N3CCC(N4CCCCC4)CC3)cc2)c(NC(=O)c2cccc3cccnc23)c1,1,33.32
c1csc(-c2nc3[nH]c4ccc(CCN5CCCC5)cc4c3[nH]2)c1,1,32.71
O=S(=O)(c1cc(Cl)ccc1Cl)N1CCc2ccccc2C1,1,22.63
Cn1cc(-c2c[nH]c3ncc(-c4cccc(N)c4)nc23)cn1,1,25.11
COc1ccc(C2ON(Cc3ccccc3)C(c3ccc(OC)cc3)C2OC(C)=O)cc1,1,30.3
Cc1c(C(N)=O)c(C(=O)Nc2ccc(Sc3ccc(Cl)cc3)cc2)nn1-c1ccccc1,1,29.52
COc1ccc(-c2cc3n(n2)C2C(c4cccc(C(=N)N)c4)=NON2C(c2cccc(C)n2)=NN3)cc1,1,43.59
Cc1cc(-c2ccc(N=c3nc4c(c[nH]3)CCc3nn(C)c(-c5ccc(C(F)(F)F)cc5C#N)c3-4)cc2)sn1,1,34.06
Cn1cnc(NC(=O)c2cc3oc4ccccc4c3cc2NC(=O)c2ccc(-c3nccs3)s2)c1Br,1,48.83
N=C(N)NN=Cc1cccn1-c1ccccc1,1,18.53
Clc1ccc(-n2[nH]nnc2=NCc2cc3ccccc3s2)cc1,1,25.23
CCC(C)C(N)C(=O)Nc1ccc(C(=O)N(Cc2cccc(-c3ccccc3C#N)c2)C2CC2)cc1,1,33.69
C=CC(=O)NC1CCN(c2nc(=Nc3ccc(N(CCCl)CCCl)cc3)c3[nH]cnc3[nH]2)CC1,1,29.34
CC(Cc1ccc(-c2ccc(OCc3cc(C4=NC(C(=O)O)CS4)ccc3O)cc2)cc1)C(=O)NC(C)c1ccccc1,1,45.04
COC(=O)c1cc(=Nc2cccc(OC(C)C)c2)n(-c2ccc(OC)cc2)[nH]1,1,32.41
CN(C(=O)c1ccccn1)c1ccc(NN=C(C(=O)O)c2ccccc2)cc1[N+](=O)[O-],1,35.77
Cc1c[nH]c(=NNc2ccc(C(=N)N)cc2)c(=O)n1CC(=O)NCc1cccc(C(=N)N)c1,1,32.15
COc1ccc(C(=O)c2c(C)n(CC(N)=O)c3ccc(OC)cc23)cc1,1,25.54
NC(CCNC(=O)C1CC(NC(=O)c2cccc(C(F)(F)F)c2Cl)CCN1C(=O)c1c(Oc2ccc([N+](=O)[O-])cc2)ccc(C(F)(F)F)c1C(F)(F)F)=NO,1,64.52
CC(C)C(=Cc1ccc(S(C)(=O)=O)cc1)C(NCc1ccc(NC(=O)c2c(Cl)cncc2Cl)cc1)c1ccc[nH]1,1,46.63
CCN(CC)C(=O)c1ccc(C(=O)N2CC3CCCC2c2nc(-c4ccc(C#N)cc4)c4n2C=CNC4=Nc2cc(OC)c(cc2F)C3)cc1,1,60.56
Nc1ccc(-c2ncc(N(O)CC3CCCCC3)cn2)cc1,1,34.54
Cc1cc(NC(=O)Nc2cccc(-c3ccc(-c4nc5cc(C(=N)N)ccc5[nH]4)s3)c2)ccc1F,1,30.49
N=c1ccc(Oc2ccnc(-n3ccccc3=O)c2)c[nH]1,1,24.2
Cn1cc(N2CC(OCc3cc(-c4ccccc4N)no3)C2)cn1,1,40.41
O=C(O)CCC1Cc2c(ccc3ccc(=O)oc23)O1,1,20.34
COCCN(CCOC)C(=O)c1ccc2c(c1)[nH]c(=Nc1cccc(S(=O)(=O)N(C)C)c1)n2C1CCN(c2ncc(C(=N)N)cn2)CC1,1,49.0
COc1ccc(-c2cc(C(=O)Nc3ccc(-c4ccc(-c5cc(C(=N)NCC6CC6)ccc5OC(F)(F)F)cc4)cc3)no2)cc1,1,45.58
O=c1cc(Cc2c(F)cccc2Cl)[nH]c(=O)n1Cc1ccco1,1,25.1
Clc1cccc(NC(Cl)c2cccc3nonc23)c1,1,26.57
CCCCc1cn(-c2cc3n(n2)C(c2ccc(C(=NC#N)Nc4ccc(O)cc4C)cc2OC)Sc2nccnc2-3)nn1,1,56.66
COc1ccc(N2CC(NC(=O)Nc3ccc4c(c3)nnn4C)CC2=O)cc1,1,29.14
O=C(c1ccc(C(c2ccc(=O)n(CCc3ccncc3)c2)c2ncc[nH]2)cc1)c1ccc(Oc2cc(Cl)ccc2[N+](=O)[O-])cc1Br,1,48.57
Nc1scc2c(N3CCN(CC4CCCCC4)CC3)cc3c(c12)C(=O)c1ccccc1-3,1,39.9
COC(=O)CCNS(=O)(=O)c1ccc(Cl)cc1,1,22.13
O=C(OCCCc1c[nH]cn1)c1ccc(Br)cc1C(F)(F)F,1,27.99
COc1ccc(-c2nc(CNc3ccccc3OC(F)F)co2)cc1,1,25.04
O=C(NN=Cc1c(-c2ccccc2)[nH]c2ccccc12)c1ccc([N+](=O)[O-])cc1,1,23.59
CCCCC(Sc1nc(N2CCC(NC3(c4ccc(Br)cc4)CC3)CC2)oc1C(F)(F)F)C(=O)O,1,45.24
CCN1CCC(C(=O)Nc2ccc(NC(=O)c3cncc(NC(=O)c4ccc(C=Cc5cccc6ccccc56)cc4)c3)cc2)CC1,1,36.8
CC(=Nc1ccc(CN(C)C)cc1)c1c(N(CC2CC2)S(=O)(=O)c2ccccn2)sc2ccccc12,1,40.68
COc1ccc2c(c1)nc(C(C)O)n2C1CCCN(C(=O)c2nc3ncc(Br)cc3s2)C1,1,40.59
COc1cccc(OCC(=O)N(C)CC(Cl)=Cc2ccc3cc(Cl)c(Cl)cc3c2)c1,1,43.72
N#Cc1cccc(N2CC(CO)OC2=O)c1,1,24.2
CCOc1ccc(NC(c2ncccn2)c2cc(Cl)ccc2O)cc1,1,30.22
COC(=O)C(C)C(N)c1cc2ccccc2o1,1,30.89
COc1cc(NC(=O)c2ccc(-c3ccccc3C#N)cc2)ccc1-c1cc(=O)c2cc(Cl)ccc2o1,1,35.42
CCCCCC(NC(=O)C(c1ccccc1)c1ccccc1)C(=O)Nc1ccc(Cl)cc1,1,28.65
NCc1cc(Cl)ccc1O,1,14.25
N=c1n(CCC(=O)NC(C(=O)NC2(C(=O)NS(=O)(=O)C3CC3)CC2c2ccccc2)C2CCCCC2)c2ccccc2n1C1CCNCC1,1,42.23
COc1cccc(F)c1C(=O)Nc1cccc(-c2ccc(-n3ccnc3)o2)c1,1,29.74
CC(C)CC(c1nnnn1CC1CCCO1)N(C(=O)c1cccnc1)C1CC1,1,35.12
O=[N+]([O-])c1ccccc1C1CC(c2ccc(Cl)cc2)=NN1S(=O)(=O)c1cccc(Cl)c1,1,28.54
N=c1c2c(-c3ccc(O)cc3)noc2ccn1N,1,29.09
O=C(O)c1ccc(NC(=O)c2cccc(S(=O)(=O)Nc3ccc(N4CCOCC4=O)cc3F)c2)cc1,1,30.29
O=CC(CC(=O)O)NC(=O)C(CC(=O)O)NC(=O)C1(c2ccc(Cl)cc2)CC1(Cl)Cl,1,40.25
N=C(N)n1nc(C=Cc2ccccc2)c(CN(CCOc2ccc(CC(N)C(=O)O)cc2)Cc2cccc(-c3cccc(-c4ccccc4Cl)c3)c2)n1,1,63.6
CC(C)(C)N=Cc1c[nH]c(-c2nc(-c3cncc(Cl)c3)c3nccc(-n4ccnn4)c3n2)n1,1,48.29
COc1cc(-n2cc(-c3ccc4c(c3)OC(F)(F)O4)nn2)ccc1C=CC(=O)NCC1CC1,1,39.1
CC(=O)N1c2ccc(cc2)CN(c2cccc(C(=N)N)c2)c2cc(N=Cc3ccccc3-c3cc4ccc(Cl)cc4o3)ccc21,1,53.9
N=C(N)c1cccc(N2CCC(NC(=O)c3cnc(-c4ccc(CN5CCC(OC(=O)Cc6ccc7cccnc7c6)CC5)cc4)cn3)CC2)c1,1,48.48
NC1CC(C(=O)NCc2cccnc2)N(C(=O)Nc2cccc(F)c2)C1,1,26.79
Cc1ccc(Br)c(C)c1,1,20.38
CCOC(=O)CNC(=O)N1N=C(c2ccc(Nc3cc(Cl)cc(Cl)c3)cc2N)CCC1O,1,44.21
CN1C(N)=NC2(c3ccc(NC(=O)c4coc5ccccc45)cc3F)COCC2S1(=O)=O,1,33.04
Cc1c(NC(=O)CC(=O)Nc2ccc(Cl)cc2)c(=O)n(-c2ccccc2)n1C,1,22.31
CC(C(=O)OC1CN2CCC1CC2)n1sc(=O)n(C2CC2)c1=O,1,31.49
NCC(NC(=O)c1cc(-c2cnc(-c3nnco3)c(F)c2)co1)c1cccc(Cl)c1,1,37.38
Cc1nc2cnccc2n1CC1CCN(C(=O)CN2CCN(C(c3ccccc3)c3ccc(C(F)(F)F)nc3)CC2c2ccccc2)CC1,1,41.15
c1ccc2nc3c(cc2c1)-n1c(nc2ccccc21)C(c1c[nH]c2ccccc12)N3,1,34.3
SC(CN1CCN(c2ccccc2CN2CCCC2)CC1)c1ccccc1,1,34.26
CCN=C(N)Nc1ccc(C)c(Oc2cc(Cl)c(Cl)cc2Cl)c1C,1,35.71
COc1ccccc1S(=O)(=O)NCc1cccc2[nH]c(=O)c(=O)[nH]c12,1,30.24
CN(CCCN1c2cc(N(C)Cc3cccc(C(=N)N)c3)ccc2C(O)CC1c1ccccc1)CCc1ccc(C(=O)O)c(N)c1,1,56.27
CN(CC(=O)Nc1ccc2c(c1)CCCC2)C1CN(Cc2cc(C(=N)N)cs2)CC1F,1,41.17
COc1ccc(-n2nnnc2-c2cc(OC)c(OC)c(OC)c2)c(OC)c1,1,19.77
OCC1OC(n2cnc3ncnc(-n4ccnc4)c32)C(O)C1O,1,25.54
NC(=O)c1ccc2c(c1)CCN(c1ccc(-c3ccc(NC(=O)Nc4ccc(Cl)cc4)cc3)cc1)C2CCN1CCCC1,1,37.24
O=C(c1ccccc1)c1ccc(COCC(CCCCCCCS)=NO)cc1-c1ccccc1Cl,1,47.13
Cc1nn(C)c(C)c1NC(=O)c1sc(=S)n(-c2ccccc2)c1N,1,23.95
COc1ccc(-n2cc(C(=O)Cc3nc(Cc4cccc(Cl)c4)cs3)c(OCc3ccc(Br)cc3)n2)cc1,1,41.54
FC(F)(F)c1ccccc1C(=S)Nc1ncc(Cl)cc1Cl,1,26.87
COc1cccc(N=c2cc(N=c3[nH]cccc3N)[nH]c(-c3nccs3)n2)c1Cl,1,37.99
FC(F)(F)c1ccc(Cl)c(-c2cncc(=NCC3CCN(Cc4cc5ccccc5[nH]4)CC3)[nH]2)c1,1,43.74
Clc1ccc(-c2cc(=NCc3cccnc3)[nH]o2)c(Cl)c1,1,24.23
CN(C)C(=O)c1cc2c(cn1)C(c1ccccc1C(=O)CNCCNC(=O)Cn1cnnn1)N(C(=O)c1ccc3ccc(C[S+]([O-])c4cccc(C(N)=O)c4)cc3c1)CC2,1,85.75
CS(=O)(=O)Nc1cc(NC(=O)Nc2ccc(Oc3cncc(=NC#N)[nH]3)cc2F)cc(C(F)(F)F)c1,1,33.23
Cc1ccc(NC(=O)c2c(NC(=O)CSc3nnc(-c4ccncc4)o3)sc3c2-c2ccccc2CC3)c(C)c1,1,31.03
CCN(Cc1c(C(N)=O)nn(C)c1Cl)Cc1c(C#N)c2cc(Cl)ccc2n1Cc1cccc(C(=N)N)c1,1,40.96
CN(C)CCOc1ccccc1C(=O)Nc1c(C(O)N=c2cc[nH]cc2)[nH]c2ccccc12,1,29.3
NC(=O)c1c(-c2ccc(Br)cc2)n(-c2ccc3c(cnn3S(=O)(=O)c3ccccc3[N+](=O)[O-])c2)c2ccncc12,1,49.11
CCOC(=O)c1csc(=NC(=O)c2cc(Cl)ccc2NC(Cl)c2ccc3nc(N4CCCC4C(=O)N(C)c4ccccc4)cc(C(=O)Nc4ccc(Oc5ccccc5)cc4)c3c2)[nH]1,1,62.53
N=C(N)c1ccc2c(c1)N(C1CCNCC1)CC(O)N2,1,32.69
O=C(NN=Cc1ccc(O)c(O)c1)c1ccc(-c2nnc(-n3c(C=Cc4cc([N+](=O)[O-])cc([N+](=O)[O-])c4)nc4ccccc4c3=O)s2)cc1,1,38.21
O=C(CSc1ccccc1F)NNC(=O)C1CCN(S(=O)(=O)c2ccccc2)CC1,1,31.82
O=C(CSc1nc2ccccc2[nH]1)c1ccc(O)c(O)c1,1,23.49
CCOC(=O)[S+](c1ccc(-c2cc(Cl)cc(OC(F)(F)F)c2)cc1)c1cc(Cl)ccc1-c1ccc(CCS(=O)(=O)c2ccc(C(=O)O)o2)cc1,1,63.19
CN1C(=O)C(c2cnn(-c3ccccc3C(=O)c3ccccc3)c2)=C(c2c[nH]c3ccccc23)C1=O,1,31.06
O=c1ccc2c(-c3noc(-c4ccco4)n3)ccc(F)c2[nH]1,1,31.38
COC(=O)CC1C(=O)NCCN1C(=O)Nc1c(C)cc(C)cc1C,1,28.64
NS(=O)(=O)c1ccccc1-c1ccc(N2CCc3cc(-c4nnc(CNC56CC7CC(CC(C7)C5)C6)s4)sc32)c(F)c1,1,41.52
CCOC(=O)C1=CN(CC)C(=O)NC1c1ccccc1C(=O)OC,1,33.51
O=c1ssc2c([N+](=O)[O-])cccc12,1,23.17
N=C(N)c1ccc(-c2cccc(CNc3ccc(-n4ccc(-c5ccc(OCc6ccc(OCc7cccc(C(N)=O)c7)cc6)cc5)n4)cc3)c2)cc1Cl,1,45.55
COc1cc(C=CC(=O)Nc2cccc3c(S(=O)(=O)Nc4ccc(Cl)c(C(F)(F)F)c4)cccc23)ccc1OC(=O)N(CCO)CCO,1,48.7
CCN(CC)CCOc1ccc(CCc2ccccc2)cc1,1,19.47
O=C(C=C(c1ccc(Cl)c(F)c1)c1ccc2ccccn12)N1CCOCC1,1,32.75
CCOc1ccc2c(c1)-c1[nH]c(=Nc3ccc(S(N)(=O)=O)cc3)sc1C2=O,1,29.29
NS(=O)(=O)c1cccc(NC(=O)c2cnn(-c3ccc(Br)cc3)c2C(F)(F)F)c1,1,25.59
COc1cc(C=C2CCC(=Cc3cccc4ccccc34)C2=O)ccc1-n1cnc(C)c1,1,24.47
NS(=O)(=O)c1ccc(C(F)(F)F)cc1,1,17.3
CCOC(=O)c1cc(C(=O)c2cc([N+](=O)[O-])cc(C(F)(F)F)c2)ccc1O,1,33.19
COCCN(CC(=O)ON1C(=O)c2ccccc2C1=O)c1ccc(NC(=O)c2ccccc2NC(=N)c2ccncc2)cc1,1,41.39
Cc1cc2nonc2cc1NC(=O)C(=O)C(C(=NNC(N)=S)C(=O)Nc1cccc([N+](=O)[O-])c1)c1ccsc1,1,51.46
COc1cccc(C2CC(=O)c3c(OC)cc(O)c(CN4CCCC4)c3O2)c1OC,1,28.59
CN(c1ccc(S(N)(=O)=O)cc1C(=O)Nc1ccc(S(N)(=O)=O)cc1)C1CC2CCC(C1)N2C,1,34.06
O=C(Nc1ccc2c(c1)C(=O)NC2=O)c1ccc(Cl)cc1,1,20.84
CC(NC(=O)C1CC1c1ccccc1)c1cc(-c2ccc(Br)cc2)oc1O,1,37.43
N=C(N)c1sc2c(C(=O)N=c3cc(C(=O)O)cc[nH]3)cc(-c3ccccc3S(N)(=O)=O)ccc1-2,1,42.06
Cc1c(CN(C)c2ncc(Cl)c3sc(-c4nn[nH]n4)cc23)cccc1-n1ccccc1=O,1,38.13
COC(=O)CCCNC(=O)CNCc1ccc2c(c1)sc(=S)n2Cc1cccc(C(=N)N)c1,1,45.5
Cc1nc2c(C(F)(F)F)nn(-c3ccc4n[nH]cc4c3)c(=O)c2n1-c1ccc(Oc2ccccc2)cc1F,1,37.09
CSc1ncccc1C(=O)N=c1oc(-c2ccccc2)c(-c2ccccc2)o1,1,26.79
Nc1cn(CC2(O)CC(c3ccccc3-c3cccs3)N(C(=O)c3ccccc3)C2)c(=O)n(-c2ccc(CO)cc2)c1=O,1,53.75
CS(=O)(=O)c1ccc(CC(=O)N=c2cc[nH]n2-c2[nH]c3ccccc3c2C(=N)N)cc1,1,32.31
COc1ccc(-c2nccn2-c2cc[nH]c(=Nc3ccc(C(=O)N4CCC(N5CCCCC5)CC4)cc3F)n2)cc1NC(=O)c1c(F)cccc1F,1,38.02
NCc1ccc(CC(N)C(=O)O)cc1,1,21.94
CC(=N)NCCCN(C)CC(C(=O)NCc1ccccc1Cl)N1CCN(C(=O)C(NC(=O)c2cccc(Cl)c2)c2c[nH]cn2)CC1,1,47.68
COC1(c2ccc(Cl)c(Cl)c2)CC(c2ccc(N)cc2)=NO1,1,27.12
COc1cc(C2Nc3ccccc3C(=O)N2c2c(F)cccc2F)ccc1-c1ccc(-c2ccccn2)cc1,1,40.06
Cn1cc(NCc2cnc3[nH]c(=N)[nH]c(=N)c3n2)cc1C(=O)NCCNC(=O)c1ccncc1,1,31.15
CCC(c1nc(C)ccc1N=c1cccc[nH]1)N1C(COC)CCC1c1ccccc1,1,45.17
CCc1ccc(C(=O)NNc2ccc(OC)cc2)cc1,1,22.01
Cn1c(C2CCCCC2)nnc1C1CCCN1C(=O)c1cc(C(F)(F)F)nn1-c1ccc2o[nH]c(=N)c2c1,1,35.68
COc1nc(C)c(S(=O)(=O)N2CCC(C(=O)NC3CCCCC3C(=O)O)CC2)s1,1,31.2
CC12OC1OC(=O)C2=O,1,23.98
COc1ccc2c(c1)N=c1cccnc1=NC2c1cc([N+](=O)[O-])cc(OC)c1OC,1,31.4
Cc1cc(Cl)ccc1N=c1[nH]c(N(CCO)CCS(=O)(=O)c2ccc(F)cc2)c(O)n1-c1ccc(Oc2ccccc2)cc1,1,48.46
O=S(=O)(Nc1ccccc1Cl)c1cc2ccc(Cl)cc2s1,1,21.67
CCOc1ccc2cc(-c3csc4nccn34)ccc2c1,1,26.43
COc1ccc(C(c2ccc(Cl)cc2)n2ncc3cccc(OCC(=O)O)c32)cc1,1,31.07
O=C(N=c1cc[nH]c(NC(=O)C2CC2)c1)c1c(Cl)cccc1Cl,1,20.53
CC(C)CCn1nc(-c2cccs2)c(=O)c(C2=NS(=O)(=O)c3cc(N)ccc3N2)c1O,1,21.77
COC(=O)N1CCC(Cc2cn(-c3cccc(C(=O)Nc4ccc(CN5CCN(C)CC5)c(C(F)(F)F)c4)c3)nc2-c2ccc(OC3CCN(C4CC4)CC3)cc2)CC1,1,49.44
COC=C(C(=O)NC1CCN(Cc2ccccc2)CC1)c1ccccc1CCCOc1ccc(C(O)CC2C(C)(C)C(Oc3ccc(CC4(C(=O)O)CC4)cc3)C2(C)C)cc1OC,1,69.61
CC1(c2c[nH]c(=NC(=O)c3ccncc3Cl)s2)CC(c2ccccc2)C(=O)N1C(=O)c1ccccc1S(C)(=O)=O,1,45.83
CCOC(=O)CNC(=O)c1sc(N2CCN(S(=O)(=O)c3ccc(OC)c(F)c3)CC2)nc1-c1ccc2nonc2c1,1,42.44
Cn1c(=O)n(CC(Cl)c2ccccc2)c2cc(-c3cccc(C(=O)Nc4cccnc4)c3)c(NC3CCOC3)cc21,1,44.57
O=C(CN1CCN(c2ccccc2)CC1)NN=Cc1ccncc1,1,20.81
CS(=O)(=O)Nc1ccc(NC(=O)c2ccc(Cl)nc2)c(NC(=O)c2c(F)ccc(F)c2F)c1,1,32.86
CCCCc1n[nH]c(=NS(=O)(=O)c2ccccc2Br)s1,1,27.12
CCC(C)n1nc(OC(C)C)cc1-c1cnn(CCC(C)(C)O)c1-c1cnn(Cc2c(F)cccc2F)c1,1,53.2
NC(=O)c1ccc[nH]c1=NC(=O)c1[nH]nc2ccccc12,1,29.43
N=C(N)c1nc2ccc(S(=O)(=O)c3cccc(-c4ccccc4)c3)cc2nc1OC(CF)CF,1,42.08
CC12C=CC(=O)CC1=CC=C1C2C(Cl)=CC2C=C(Cl)CC12C,1,45.28
COc1cccc(-c2ccc3c(c2)C2(c4ccc(Cl)nc4)Cc4cc(C(F)(F)F)nn4C(C3)C2)c1,1,40.4
N=C(N)c1cccc(Cn2c(CN3CCCC3)cc3cc(-c4ccc(C(=N)N)nc4)ccc32)c1,1,28.52
CNC(=O)c1ccccc1NC(=O)CSc1nnc(COc2ccc(F)cc2)n1N,1,29.76
COc1cc(C=NNC(=O)c2c[nH]c3cc(F)ccc23)c([N+](=O)[O-])cc1OC,1,31.56
N=c1nnn(CCCCCC(=O)Nc2sc(-c3sc(=O)[nH]c3O)cc2C(=O)O)[nH]1,1,44.37
CN(CCCc1ccc(-c2ccccc2)cc1)CC(O)COc1ccc(C(=O)c2ccccc2)cc1,1,25.99
Cc1ccc(NC(=O)COC(=O)c2ccc(COc3cccc(Cl)c3)cc2)c(C)c1,1,31.95
COc1ccc(-n2cc(CC(=N)N)c(-c3cccc(Cl)c3)n2)cc1,1,25.75
Nc1c(-c2nn[nH]n2)c(=O)ccn1-c1ccc(N2CCNC2=O)cc1,1,28.18
NS(=O)(=O)c1cccc(NC(=O)Nc2ccccc2SC(F)(F)C(F)F)c1,1,30.27
CCOC(=O)C(OCc1ccccc1)N1CCN(c2nccc3[nH]c(-c4ccc(=N)[nH]c4)nc23)CC1,1,46.25
CN(C)C(=O)CNC(=O)C1CC(NC(=O)C(Cc2cccs2)NS(=O)(=O)Cc2ccccc2)c2cc(-c3ccccc3S(N)(=O)=O)ccc2N1,1,53.31
N=c1c2ncc(O)cc2nc(CC(=O)c2ccncc2)n1-c1ccccc1,1,40.88
COC1CC2(COCO2)Cc2nc(C)nc(=N)n21,1,44.29
CCCN(CCC)C(O)CCC(C)C1CCC2C3C(O)CC4CC(OC5OC(C)C(O)C(O)C5O)CCC4(C)C3CCC12C,1,39.34
CCC(=O)N(C)C(NC(=O)C(=O)N1C(=O)C(n2nnc(SCC(=O)NCc3ccccc3OC)n2)C(O)C(N(C)C(=O)N(CCCl)N=O)C1C(=O)O)C(O)Cc1ccc(O)c([N+](=O)[O-])c1,1,84.55
COc1ccc(Cc2ccccc2)cc1C1OC(CCO)C(Sc2nnc(-c3ccccc3Cl)n2N)N=C1C,1,52.18
COc1ccc(C(=O)N2CCC(N3CC(CC#N)(n4cc(-c5ncnc6[nH]ccc56)cn4)C3)CC2)cc1,1,23.2
CC1=NC(c2c(C)ncnc2S(=O)(=O)c2cc(F)cc(C#N)c2)CN(c2ccccc2C(F)(F)F)N1,1,51.48
Cc1cc(Cl)c2c(c1)Oc1ccccc1C2NC(=O)CCCn1ccnc1C,1,35.2
NC1(C#Cc2nc(=NCc3cc(Oc4ccccc4)ccc3Cl)cc(CN3CCN(C4CCS(=O)(=O)C4)CC3)[nH]2)CC1,1,52.74
N=C(N)c1cccc(C(=O)NC2CCN(c3ccccc3Sc3ccccc3C(=N)N)CC2)c1,1,31.95
O=C(NC1CCCC(n2c(=Nc3cc(Cl)cc(Cl)c3)[nH]c3nc(=NCCO)[nH]cc32)C1O)c1ccc(Cl)s1,1,49.51
CN(C)Cc1ncoc1-c1ccc2cc(CN3CCN(S(C)(=O)=O)CC3c3cccc(C(=N)N)c3)ccc2c1,1,45.28
CCCC1(C(=O)O)NCCc2c1oc1ccc(S(=O)(=O)NCCNC(=O)c3ccc([N+](=O)[O-])cc3)cc21,1,44.7
CC(C)(C)NC(=O)N=c1[nH]c2ccc(Oc3cncc4c3cnn4-c3ccc(F)cc3F)cc2s1,1,42.5
COc1ccc(N=C2N=C3C(=C4C=CC=CN4N2c2ccc(-c4ccccc4CN(C)C)cc2)CCc2ccccc23)cn1,1,43.13
O=C(O)c1ccccc1NS(=O)(=O)c1ccc(-c2ccc(OCc3ccc4ccccc4n3)cc2)cc1,1,27.39
COc1ccc(-c2ccco2)cc1COc1oc(=O)cc2oc(-c3ccc(OCc4nc5ccc(F)cc5s4)s3)cc12,1,55.19
Cn1c(Sc2ccccn2)nc2c(c1=O)Cc1sc3ccccc3c1-2,1,36.38
Cc1nnc2n1N=C(c1ccc(Cl)c(Cl)c1)S(=O)(=O)N2,1,17.88
CS(=O)(=O)NC(=O)C(c1cccc(Cl)c1)N1CCS(=O)(=O)CC(CC2CCCN(CC(Cc3ccc(O)cc3)NS(=O)(=O)Cc3ccccc3)C2)C1=O,1,52.16
Cc1ccccc1N1CCN(c2nc3ccc(C4=NCCN4)cc3cc2C=NNC(=O)c2cccc(C)c2OCCN2CCOCC2)CC1,1,54.4
CC(C)CC1NCCC(=O)N(Cc2cn(Cc3ccc(-c4ccccc4-c4nnn(C)n4)cc3)nn2)C1=O,1,28.54
NCCCOc1cc(Cc2ccccc2)cc2[nH]c3ccccc3c12,1,34.44
Cc1sc(S(=O)(=O)NC2CCN(CC3CCCCCC3)C2=O)cc1C(=O)N1CCC(NC(=O)C(N)CC(C)C)C1=O,1,50.59
O=c1[nH]c2ncccc2n1C1CCN(S(=O)(=O)c2ccccc2C(O)=NO)C1,1,35.2
Cc1nnn(-c2c(Cl)c3ccccc3oc2=N)c1C(=O)Nc1cccc(C(F)(F)F)c1,1,36.61
Clc1cccc(-c2nc3ccc(Br)cn3c2Cc2ccccc2)c1Cl,1,27.9
CC1CC1C(=N)c1nc2cc(S(=O)(=S)N=c3[nH]c(-c4ccc(F)cc4)cs3)ccc2[nH]1,1,50.94
O=C(CSc1nnc(-c2ccoc2)o1)NCCc1ccc(O)cc1,1,28.84
Cn1nc(-c2cccc(NS(=O)(=O)c3ccc(F)cc3)c2)c2c[nH]c(=NC(=O)Nc3ccc(N4CCC(N)C4)nc3)cc21,1,41.47
COc1ccc(-c2ccsc2-c2ccc(F)cc2)cc1OS(=O)(=O)c1ccc(=N)[nH]c1,1,34.96
CS(=O)(=O)c1ccc(NC(=O)C(c2ccc(Cl)cc2)c2cc(=Nc3nc4ccc(Cl)cc4s3)[nH]c3c2OCO3)cc1,1,46.51
Nc1ccc2nn(Cc3ccc4oc(C(F)(F)F)cc4c3)cc2c1N,1,39.53
CCC(C)(C)n1c(=O)c(S(=O)(=O)c2ccccc2)cc2ccccc21,1,35.6
CC(=O)N(c1ccccc1)S(=O)(=O)c1ccc(NC(=O)C[n+]2c(C(C)C)cc(-c3ccccc3)cc2C(C)C)cc1,1,26.38
COC(=O)C1=COC(OC2CCCCO2)C2CCC1N2S(=O)(=O)c1ccc2cc(Cl)ccc2c1,1,38.95
N=c1c2c(cnn1CC(Cl)c1ccccc1Cl)CCCC2,1,26.3
CSc1cccc(N2CCN(S(=O)(=O)C3CC3)C2=O)c1,1,26.26
COc1c(Cl)cccc1-c1cc(C(=O)Nc2ccc(=N)[nH]c2)n(-c2ccc(C(=O)NC(CO)c3cccnc3)cc2)n1,1,34.96
O=c1[nH]nc(-c2ccc(-c3cc(Cl)ccc3Cl)cc2)n2c1cc1ccccc12,1,35.02
CS(=O)(=O)c1ccc(-n2cc(-c3cncc(=N)[nH]3)c3ccc(F)cc32)nc1,1,36.02
FC(F)(F)c1ccccc1C1Nc2ccccc2-n2cccc2C12OCCO2,1,27.14
O=C(NCC1CN(c2cc(F)c(N3CCC(O)C3)c(F)c2)C(=O)O1)c1ccc(Cl)s1,1,22.0
COC(=O)c1ccc2c(c1)[nH]c(=O)n2C1CCN(C(C)c2ccc(OC)c(OC)c2)CC1,1,34.85
ON=C(O)c1ccc2c(c1)-c1nnc(Cc3ccc(Cl)cc3)n1CCS2,1,32.22
COc1cc(-c2noc(-c3ccc(OC)c(C(=N)N)c3)n2)ccc1OC1=CCCCC1,1,35.23
N=C(N)c1ccc2nc(-c3cc(Cl)cc(Cl)c3)nc(N3CCN(c4ccccc4O)CC3)c2c1,1,33.96
O=C(NN=c1nc(N2CCOCC2)[nH]c(N2CCOCC2)n1)c1ccc([N+](=O)[O-])s1,1,23.01
N=C(N)NCCCN(c1ccc(S(N)(=O)=O)cc1)C1CCN(c2nccc3ccccc23)C1=O,1,41.44
CCN=c1ccc(-c2cccc(OCc3nn[nH]n3)c2)c[nH]1,1,31.4
Cc1nc(C(=O)c2cccc(C(=N)N)c2)n(C2CCC3C(O)C(O)C(O)N3C2=O)c(=S)c1Cc1cccc(Cl)c1Cl,1,56.95
CCC1CN(CN2C(=O)C(=O)c3ccccc32)CCN1c1cc2c(cc1F)c(=O)c(C(=O)O)cn2CC,1,31.83
NC(=O)c1nn2c(c1C(=O)O)-c1ccc(-c3ccoc3)cc1SC2C(=O)NS(=O)(=O)c1ccccc1,1,45.97
COC(=O)CN1CCCCC(NC(=O)C(C(C)C)n2cc(CCCc3ccc4ccccc4c3)nn2)C1=O,1,43.42
NC(=S)N=C(c1cc(Br)ccc1OCc1ccccc1)C1C(C(Cl)=CCCBr)C1(Br)Br,1,54.22
COc1ccc(-n2[nH]c(=O)c3ccccc32)cc1,1,17.59
C[S+]([O-])Cc1cc(N)cc(N)c1Cl,1,24.02
O=C(NC1CC1)c1ccc(-n2nc(Cl)c3ccc(N(CCCF)CC4CC4)nc32)cc1,1,36.46
Nc1ccc(NC(=O)Nc2ccc([N+](=O)[O-])cc2)cc1Cl,1,22.25
O=C(NC1CCN(C(c2ccccc2Cl)c2c(O)coc2O)CC1)c1cc(Cl)cc(Cl)c1,1,35.02
O=C1NCc2sccc2C12CN(Cc1ccc(OC(F)(F)F)cc1)C2,1,30.53
CC1(CC(=O)O)C(=O)N(c2ccc(C(=N)N)cc2)CC1NS(=O)(=O)c1cc(Br)c(Cl)s1,1,37.95
O=C(Nc1ccc(Cl)cc1)c1c(-c2ccc(Cl)cc2Cl)noc1C(F)(F)F,1,21.05
CONc1c(Nc2ccccc2)c(Cl)c(O)c2cc(C(=O)Nc3cc[nH]c(=N)c3)n(C)c12,1,44.66
O=C1c2ccccc2-c2c1c(=O)c1ccccc1n2CCCNS(=O)(=O)c1ccc(Cl)cc1,1,26.73
OCCN1CCCN(c2ccc(=Nc3ccc(-n4c(C(F)(F)F)nc5ccccc54)nn3)[nH]c2)C(C(F)(F)F)C1,1,49.65
O=C(O)CC=NC(=O)CCC1(c2ccccc2)CC2c3ccc(C4=CCN(C(=O)Nc5ccc(F)cc5)CC4)cc3C2CS1,1,52.39
Cc1nc(CN(C)C)c(C(=O)Nc2nc(-c3cnccc3C)sc2C(F)(F)F)s1,1,39.3
NC(=O)c1sc(-c2ccc(-c3cccc(CO)c3)s2)nc1C(F)(F)F,1,29.13
O=C(Nc1cccc(F)c1)NC1CCN(CC2CCCC2)CC1CO,1,28.46
NC(=O)C1CCCN1c1ccc(NC(=O)c2nnnn2-c2cc3ccc(Cl)cc3s2)cc1,1,31.47
Cc1cccc(Oc2cc(C)ccc2C(=NO)N2C(C)CCCC2C)c1,1,24.86
O=C(c1ccco1)N1CCN(C(=O)c2cc3cc(Cl)ccc3oc2=O)CC1,1,26.31
COc1ccc(-n2c(O)cc(N3CCC(NC(=O)c4cccn4S(=O)(=O)CC45CCC(CC4=O)C5(C)C)CC3)c2O)cc1,1,44.86
N=C(N)c1cccc2ccc(-c3cc(-c4ccnc(Cl)c4)cc(Oc4cccc(Cl)c4)n3)cc12,1,44.59
O=Cc1cccc2nc3c(cc12)COC3=O,1,28.89
CCOc1ncccc1NC(=O)N=c1nc(C(C)(C)C)[nH]o1,1,29.77
O=C(Cc1ccoc1O)Nc1cc(F)c(S(=O)(=O)N=c2cccc[nH]2)cc1Cl,1,34.49
COC(=O)C1(C)CC(Oc2ccc(C(=O)NS(=O)(=O)c3ccccc3)cc2Br)C1O,1,42.86
COc1cc(C=NNC(=O)Cc2cccs2)ccc1OC(=O)c1ccccc1,1,26.63
Cc1ccccc1C1=c2cc(-n3ccnc3)ccc2=Nc2ccc(CCC(=O)N3CCCC3=O)cc2N1,1,44.69
NC(=O)c1ccc2ccc(-n3ccc4nccc(-n5cc(-c6cccnc6)nn5)c43)cc2n1,1,36.67
COC(=O)C1CC2CC(C1)c1c(O)cccc12,1,25.55
CC(C)OC(=O)c1ccc(-c2ccccc2Cl)cn1,1,27.83
Cc1cc2nc(Br)[nH]c2cc1Br,1,27.09
CS(=O)(=O)Nc1cc(Cn2c(=NCc3cn(CCCNC45CC6CC(CC(C6)C4)C5)c4ccccc4c3=O)[nH]c3ccc(Br)cc32)c2ccccc2c1,1,55.18
N=c1[nH]c(=S)c2cc3ccccc3nc2n1C=C1CCCC1,1,37.82
CC12CCC3c4ccc(O)cc4CCC3C1CCC2(O)CC(=O)Nc1ccccc1CCO,1,35.42
CC(C)=C1C2Cc3[nH]c4ccc(C(F)(F)F)cc4c3C(O)C1N2,1,36.59
COc1cccc(-n2cc(C(=O)C(=O)N3CCCC3C(=O)NCc3ccc(CN)cc3)c3cc(Br)ccc32)c1,1,40.77
CCn1c(C(=O)Nc2ccc(Oc3ccccc3)cc2)cc(-n2ccnc2)c1-c1ccn(C)n1,1,38.03
CC(C)Nc1cc(-c2nc3c(N4CCN(CC5CCN(C=O)CC5)CC4)c(Cl)cnc3[nH]2)ccc1C(N)=O,1,44.21
Cc1ccc(S(=O)(=O)NCCNC(=O)c2ccccc2O)cc1,1,25.09
C=C(C)C1CC=C(c2ccccc2CNC)C1,1,28.85
COc1cc(N2C=C(c3c(Br)cc(Br)cc3OC)C(c3ccc(Br)cc3)C(C#N)C2=N)cc(OC)c1OC,1,35.22
CS(=O)(=O)c1cc(Cl)c2c(c1)N(C(=O)CCl)N=C(N)C2,1,34.88
CC(=O)NC(Cc1cccs1)C(=O)NCC(=O)c1ccsc1-c1ccc2c(c1)OCO2,1,48.68
Cc1c(C(=O)C=Cc2ccc([N+](=O)[O-])o2)c(=O)oc2cc(OCc3ccccc3)ccc12,1,29.96
Nc1ccc2nc(N3CCN(CCn4c(O)c5n(c4=O)CCCC5)CC3)[nH]c2c1,1,32.15
COc1cccc2onc(OCCCCCNC(=O)NCC(F)(F)F)c12,1,35.98
NS(=O)(=O)c1ccccc1-c1ccc(N2CCc3c(cc([N+](=O)[O-])c4ccccc34)C2)cc1,1,30.69
N=C(N)c1ccc2c(c1)[nH]c1ccccc12,1,20.82
O=C(c1cc(-c2cnc(Cl)c(OCCN3CCNCC3)c2)on1)N1N=C(c2ccc(Cl)s2)CC1c1ccc(Cl)cc1Cl,1,44.89
Fc1cccc(N2CC(c3ccccc3)C3C(=N2)c2ccccc2C3c2ccccc2)n1,1,30.79
C[S+]([O-])c1cc2nc(NCC3CCN(C(=O)N=c4cccc[nH]4)CC3)ccc2n1CC1CCCC1,1,43.47
CCN(CC)CCOc1cccc(C(=O)c2c(-c3ccc(OC(CN4CCCC4)c4ccccc4)cc3)sc3ccccc23)c1,1,39.54
CCc1nc2c(Cl)nc(Cl)nc2n1Cc1ccc(OCc2cc(Cl)ccc2C(=O)NC)cc1,1,40.06
N#Cc1nc(Sc2cccs2)cc(C(=O)N2CCN(c3cccc(C(F)(F)F)c3)CC2)n1,1,37.2
CCOC(=O)Cn1cc(C(O)N(CCN(C)C)Cc2ccc(C#N)cc2)oc1=O,1,37.46
O=S1(=O)N2Cc3cc(OCc4ccc(Cl)s4)ccc3N1c1ccc(-c3cccnn3)cc12,1,45.4
Cc1cc(=Nc2cc3[nH]c(=O)c4c(c3cn2)n(C2=C3C=C(n5cccc5O)C=C3C(=O)N(C)C2)n4C)cco1,1,49.63
CN(C1=CC(=N)N=C(SCc2cnc3cc(Cl)c4cc(C=O)sc4n23)CC1)S(=O)(=O)c1ccccc1,1,51.42
CC(C)(C)OC(=O)NCC(C#N)NC(=O)C(c1ccc(-c2cccc(N3CCOCC3)n2)cc1)N(O)C=O,1,41.85
Clc1ccc(-c2nc3ccccc3n2SCc2ccco2)cc1,1,33.1
COc1cc(N2CCOCC2)ccc1-c1cn(-c2cccc(C(=O)NCCN3CCCCCC3)c2)nn1,1,33.66
CN(c1ccc(C(=N)N)cc1)c1ccc(C(c2cccc(C(=N)N)c2)[n+]2ccccc2)cc1,1,26.4
N=c1nc(N2CCN(CCCCNC(=O)c3nnn(Cc4cccc(NC(=O)c5ccc6ocnc6c5)c4)c3F)CC2)[nH]c(=N)[nH]1,1,48.05
CC(C)(C)OC(=O)n1ccc(=Nc2ccc(Oc3ccccc3)cc2)c(N)c1,1,31.19
COC(=O)C1N2CC1(C(=O)OC)c1cc(C(=O)Nc3ccccc3)ccc1C2=O,1,42.48
C=CCNC(=O)c1cccc2[nH]c(=S)c(=N)[nH]c12,1,29.64
c1ccc2cc(C3CCNC3)ccc2c1,1,21.15
CC(CCN1CCC(c2ccccc2)CC1)CN(C)S(=O)(=O)c1ccc(Cl)c2ccccc12,1,28.54
CN1CCN(c2ccc(CNS(=O)(=O)c3ccc(F)cc3F)cc2)CC1,1,22.16
Cc1nc2c(Cl)c(Cl)c3c(c2o1)CCN(C(=O)N1CCN(CC2CC2)CC1C)C3,1,43.82
Cn1ccnc1CNC(=O)CC1CCCc2ccccc21,1,31.12
COc1c(Cl)cc(-c2nc(C3CCN(CC4CN(S(=O)(=O)Cc5ccccc5)CC4c4ccccc4)CC3)c(CN3CCNC(=O)C3)s2)cc1Cl,1,46.78
COc1cc(-c2cc(NC(=O)c3cc(C(F)(F)F)nn3-c3cccc(CN)c3)c(C(=N)N)s2)ccc1Cl,1,34.48
COc1cc(-c2cc(C(N)=O)nc(-c3cc(C(F)(F)F)ccc3OC)c2)cc(S(=O)(=O)N(C)N=C(N)N)c1,1,48.13
CC(=O)c1cccc(-c2cc(N3CCNCC3)nc3cc(C(N)=O)ccc23)c1,1,33.98
O=C(NCC(=O)N1CCN(S(=O)(=O)c2cccc(Br)c2)CC1)c1ccco1,1,28.73
O=C(Nc1cc(Cl)cc(Cl)c1)c1cc(Cl)ccc1O,1,19.62
CS(=O)(=O)c1ccc(C(=O)NC2CC(C(=O)Nc3cccc(F)c3)c3ccccc32)c(NC2CC2)c1,1,38.44
O=C1C(Cl)=C(Cl)C(=O)c2c1c1c(c3nc(C4CC4)ccc23)CN2CCCC2CN1,1,47.18
Nc1c(C(=O)Nc2ccc(S(N)(=O)=O)cc2)sc(Cl)c1C(=O)Nc1cc(Cl)cc(Cl)c1,1,30.08
COc1ccc(CNS(=O)(=O)c2cccc(N(C(C)C)S(=O)(=O)c3ccc[nH]c3=N)c2)cc1,1,45.91
COc1cccc(S(=O)(=O)N(CC(C)C)c2ccc(NC(=O)C3C(C)(C)CC(c4ccc(O)cc4)=NS3(=O)=O)cc2)c1,1,45.98
O=C(Nc1cc2c(C3CNCNC3)c(C(F)(F)F)[nH]c2cc1O)c1ccc2c(c1)OCO2,1,46.21
Cc1onc(-c2cc(Cl)cc([N+](=O)[O-])c2)c1C(=O)NC1CCN(CC2CCC2)C1,1,36.73
O=C(Nc1cc[nH]c(=O)c1)c1cc(Cl)c(Cl)cc1Oc1cccc(F)c1,1,19.35
N#Cc1cccc(C(F)C(C2CCCC2)C(O)Nc2cc3c[nH]c(=NC4CCCC4)cc3oc2=O)c1,1,56.62
CCN(Cc1nc[nH]c1C)C(=O)c1cccc(C2C3CNCC(C3)CN2Cc2ccc(F)cc2F)c1,1,57.15
O=Cc1ccc(N2CCC(F)(F)CC2)cc1,1,24.67
CN1CCC=C(c2cc(N3CCCC3=O)ccc2-c2cnc(N3CCCC3(C)C(=O)NCc3ccc(OC(F)F)cc3)nc2)C1,1,47.99
CC(C)N1CCN(c2ccn3c(-c4cncc(NC(=O)C5CCCN5)c4)cnc3c2)CC1,1,35.74
O=C(N=c1cccc[nH]1)c1sc2cc(F)ccc2c1Cl,1,22.54
Cc1nc2c(C(=O)N3CCC(c4ccccc4)CC3)cnn2c2ccccc12,1,30.35
C=CCOC(C=C)C1(CCCC)C=c2cc(C(C)(C)C)ccc2=NO1,1,49.95
COc1ccc(S(C)(=O)=O)cc1NC(=O)c1cc(Cl)cc(C(C)N(C)C(=O)Cn2cc3ccccc3c2C#N)c1S(C)(=O)=O,1,57.43
NC(Cc1ccc(Cl)cc1)c1ccc(O)c(C(=O)NCCc2ccccc2)c1,1,31.38
N=C(N)c1ccccc1-c1ncccc1CNC(=O)Nc1sccc1CCNS(=O)(=O)c1ccccc1,1,46.96
N#Cc1c(C(F)(F)F)n(N)c(=O)[nH]c1=O,1,25.43
O=c1n(CSc2nnnn2-c2ccccc2)nnn1-c1ccc(Cl)cc1,1,21.87
CNC(=O)c1ccc(Cl)c(-c2cc3ccc(-c4ccc(=NCC5CCNCC5)[nH]c4O)cc3n2CC(=O)OC)c1,1,48.53
O=C(CCc1cncc(Oc2cc(Cl)c(Cl)cc2Cl)c1)Nc1ccc(Br)cc1C(=O)O,1,37.5
C=C(CC(=O)N1CCC(N(Cc2ccc(Cl)cc2)c2[nH]c(=O)c(CC(=O)NOC3CCCC3)cc2Br)CC1)OC(=O)CCCCCC,1,73.11
O=C(CN(c1cc(Cl)ccc1Cl)S(=O)(=O)c1ccccc1)c1cccs1,1,29.46
CSc1nc2c(c(C(C#N)C(=O)Nc3cccnc3C(=O)N3CCOCC3)n1)CN(C(=O)c1ccccc1)CC2,1,48.34
O=c1c(Br)c(Br)ccn1-c1cccc(Cl)c1,1,25.06
CC(C)CC(=O)OC1C(CO)OC(Oc2ccc(O)c(O)c2)C(O)C1O,1,28.06
NC(=NCC(NS(=O)(=O)c1ccc(-c2ccc(C(=O)Cc3ccccn3)cc2)s1)c1ccc(Cl)cc1)Nc1cccc(Cl)c1,1,52.85
O=c1n(Cc2ccccc2)nnn1-c1ccc(OCCCN2CCCN(C3CCCCC3)CC2)cc1,1,32.26
CN(C)c1ncnc2c1c1ccccc1n2-c1ccc(F)cc1,1,25.39
CCCc1[nH]nc2oc(=O)c(O)c(-c3ccccc3C(=O)N3CCC(F)C3)c12,1,38.83
COc1c(C(O)=NO)c(S(=O)(=O)N2CCC(Oc3ccc(C(F)(F)F)cc3)CC2)cc2ccccc12,1,28.21
CC1(C)Nc2c(cc(F)c(F)c2Cl)C(=O)N1c1ncc(C(O)(C(F)(F)F)C(F)(F)F)s1,1,35.05
Cn1c(N)c(C(CC(=O)NC(C(=O)O)c2cccc(C(F)(F)F)c2)Cc2ccc(Cl)c(Cl)c2)c(=O)n(C)c1=O,1,44.18
N=C(Oc1ccc2ccc(CC(=O)NS(=O)(=O)OCC3OC(CSc4ccc([N+](=O)[O-])cc4)=C(C(=O)O)N4C(=O)C34)cc2c1)c1ccc(N=C(N)N)cc1,1,58.04
O=C(NC1CCCC1NC(=O)c1ccc(Cl)s1)c1cnc(OC2CCCNC2)cn1,1,35.68
OC1(c2ccccc2F)CCC(N2Cc3ccccc3N(c3ccccn3)CC2c2cccc(OCc3ccncc3)c2)CC1,1,46.62
COc1cc(Cn2c(-c3ccoc3)nc3ccc(C(=O)Nc4cn(C(C)(C)C5CCOC5)nn4)cc32)cc(OC)c1,1,47.77
CCCCCc1ccc(N(CCc2ccc3n2-c2ccc(C(=N)N)cc2CC3)CC(=O)c2sccc2F)cc1,1,57.8
CNCc1ccc(Oc2cc(F)cc(Oc3ccccc3)c2)nc1,1,30.64
NS(=O)(=O)c1ccc(-c2ccc(NCc3cn(-c4c(Cl)cccc4Cl)nc3-c3cccc(F)c3)c(Cc3cccc([N+](=O)[O-])c3)c2)cc1,1,51.52
CC(C)CC(NCC(=O)c1cc(Cl)c(-c2cnc(N(CCCCn3nc(N4CCCC4)ccc3=O)C(=O)c3ccc4cc(Cl)ccc4c3)s2)s1)C(=N)N,1,65.17
Nc1ccccc1NC(=O)c1ccc(CNC(=O)c2[nH]c(C3CCCCC3)nc(=O)c2O)cc1,1,29.02
Cc1c(Cl)ccc(C(=O)Nc2ccc(Cl)c(C(F)(F)F)c2)c1NC(=O)c1cccn1C,1,35.44
N=C(N)c1ccc(NC(=O)Nc2ccc(Cl)cc2N)cc1,1,22.52
Cc1nn(-c2cc3nc[nH]c(=Nc4ccc(Cl)nc4)c3cc2Cl)c(=O)n1C(F)F,1,34.26
c1ccc(-c2noc(-c3ccco3)n2)cc1,1,19.21
Fc1cccc(-c2cc(N=c3ssnc3Cl)ccn2)c1,1,31.5
CC(=O)N1c2cccc(OCC(O)CN3CCC(c4cc5cc(S(N)(=O)=O)c(F)cc5s4)CC3)c2CCC1C,1,42.73
c1ccc(-n2cccn2)cc1,1,17.27
O=C1c2cc3c(cc2C(=O)c2ncc(CO)cc21)OCO3,1,28.06
C=C(C)C1Oc2ccc3c(c2O1)C(=O)C=C(c1cc(O)c2cc(C)oc2c1)C3=O,1,38.8
COc1ccc(Cl)cc1N=c1cc(Cl)cc(Cl)c2[nH]cc(C(=O)C3CC3)c12,1,30.12
CCN(C(=O)CSc1nnnn1-c1cc(OC)ccc1OC)c1ccccc1C(=O)NN,1,35.21
O=C(Nc1ccc(O)[nH]c1=O)c1ccc(Cl)cc1,1,24.66
CCN1CCc2c(sc(NC(=O)c3ccc(N4CCCC4)cc3)c2C(N)=O)C1,1,26.23
O=C(CCCCCCC(O)=NO)NNC(O)c1c[nH]c(O)c1,1,25.59
COc1ccc(CN=c2nc(Cl)[nH]c3ccncc23)cc1Cl,1,25.87
COc1cccc(-c2cc(N3CCC(n4c(C)nn(C5CC5)c4=O)CC3)nc(C)n2)c1F,1,40.47
O=C(O)c1nc(-c2ccc(-n3ncc4c(c3=O)N=C(c3cccc(-c5cncnc5)c3)CS4)cc2)c[nH]1,1,49.13
CCCN1Cc2[nH]c3ccccc3c2CC1CC=CC(=O)N1CCOC2(C1)C1CC3CC(C1)CC2C3,1,51.76
CC1=NC(SCc2ccccc2)=NC(c2ccccc2F)C1C(=O)OCCc1ccccc1,1,35.25
O=C(N=c1cccc[nH]1)c1ccccc1Sc1ccc2c(C=Cc3ccccn3)[nH]nc2c1,1,20.07
Nc1cccc(-c2cnc(N(C3CCCCCCC3)C3CN4CCC3CC4)nn2)c1,1,34.3
COc1ccccc1-c1nnc(S(=O)(=O)c2ccc(C)cc2C(=O)Nc2ccc(N=c3cc[nH]c4cc(Cl)ccc34)cc2)o1,1,46.84
O=C(CN(Cl)C1CCCN1S(=O)(=O)c1ccc2ccc(Cl)cc2c1)N1CCC(N2CCc3ccc(F)cc32)C1=O,1,45.24
CC(C)CC(=O)NC(=S)Nc1cc(F)cc(F)c1,1,23.31
CC1(C)CC2(NC(=S)N1)C(=O)Nc1cccc(F)c12,1,23.76
O=c1c(C2(c3ccccc3)c3ccccc3-c3ccccc32)cnnn1CCCn1ccnc1,1,31.06
CCCOC(=O)c1nc(=O)ccn1CC(O)C(=NNNC(O)c1ccc2ccoc2c1)NC1COC2(C(=O)OCn3nnc(=N)[nH]3)CCN2C1=O,1,90.15
O=c1[nH]oc2cc(S(=O)(=O)Cc3ccc(Br)cc3F)ccc12,1,34.17
O=C1CCCN1c1cc(C(F)(F)F)nc(C(F)(F)F)n1,1,25.71
CCS(=O)(=O)n1cc(C(Oc2cccc3c2c(=O)n(CCSc2n[nH]c(=N)s2)c2ccccc32)C2CCNCC2)c2ccccc21,1,52.34
CCN(Cc1cc(=O)n2c(O)csc2n1)c1ccc(OC)cc1,1,22.97
c1ccc2c(c1)C1CNC2C1,1,18.43
N#Cc1cc(Cl)cc(-c2nnc(-c3ccc4snnc4c3)o2)c1,1,33.03
O=C(CSc1nncs1)Nc1ccccc1,1,21.6
O=c1ccc(S(=O)(=O)c2cc(Cl)cc(Cl)c2)c(O)[nH]1,1,22.3
COc1ccc(CC2C(Cc3ccc(OCCc4noc(-c5ccco5)n4)cc3)C(=O)N2c2cc(OC)c(OC)c(OC)c2)cc1OC,1,32.64
O=C(CN1C(=O)C(=O)c2cc(Br)ccc21)NN=c1c(Cl)c[nH]cc1Cl,1,26.62
COc1cc(OC)cc(C2=Nc3nc(N)c(CC(=O)Nc4ccccc4)n3-c3ccccc3C2)c1,1,40.85
O=C(CO)NCC(O)c1cc(O)c(O)cc1O,1,26.47
O=S(=O)(NCC1CC1)c1ccccc1C(F)(F)F,1,21.75
N=c1[nH]cnc(-c2ccc3nc(-c4ccc(Cl)nc4)ccc3c2)c1C(N)=O,1,33.48
Cn1ccccc1=NCCCCC12COC3C(=O)C1CC1(CC(O)CCC31)O2,1,48.07
N=c1oc2cc(OC3CCNC3)ccc2cc1-n1cc(COc2cc(F)ccc2Cl)nn1,1,39.61
Cc1ccc2c(=Nc3ccc(NCCCN4CCN(C)CC4)c([N+](=O)[O-])c3)c3ccc(O)cc3[nH]c2c1,1,36.63
Cc1nc2ccccc2n1-c1ccc(CCN2OCCC2c2cc(-c3ccc(C(F)(F)F)cc3)on2)cc1,1,44.93
N=C(N)c1ccc2c(C(O)Oc3ccc(Cc4sc(=O)[nH]c4O)s3)cccc2c1,1,38.09
COc1ncnc2ccc(N(c3cc(F)cc(OC4CC4)c3)c3cnn(CC4CC4)c3)cc12,1,45.06
COc1ccc(S(N)(=O)=O)cc1C(=O)NC(c1ccccc1)c1ccccc1O,1,29.63
COC1=CC(=O)C(CN2CCCCC2)=CC1=O,1,23.11
CC(C)(C)c1cc(C(=O)Nc2cccc(CN3C(=O)c4ccccc4S3(=O)=O)c2)no1,1,26.79
NCc1cccc2c(N3C=CC(F)(F)C=C3)nn(-c3ccc4ccccc4c3)c12,1,37.6
CC(C)(C)c1cc2c(o1)C(=O)c1ccccc1C2=O,1,21.64
N=C(N)c1cccc(-c2cn(-c3cc(Cl)ccc3Cl)c(C(N)=O)n2)c1,1,27.33
COc1cc(Cl)c(C)cc1N1CCN(c2ncc(C(=O)Nc3ccc(Cl)c(C(F)(F)F)c3)cc2NC(=O)c2ccc3c(c2)OCCO3)CC1,1,41.61
COc1ccc(C(O)CCC(=O)Nc2cc(C)ccc2C(C)C)cc1,1,34.2
Cn1c(C(=O)NC2CCN(Cc3cccnc3)CC2O)cc(Br)c1Br,1,26.75
CN1CCC(NC(=O)c2ccc3ccc(N)cc3c2)CC1,1,25.67
Fc1ccc(C2CC(c3cccc(F)c3)=Nc3nc(SCc4ccccn4)nn32)cc1,1,29.81
O=C(Nc1ccc(C(F)(F)F)cc1)c1ccccc1OCc1cn(-c2ccccc2[N+](=O)[O-])nn1,1,29.7
Cn1cc[n+](Cc2ccc(-c3ccc(C[n+]4cccc(C(=O)Nc5ccc(C6(c7ccc(N)cc7)C(=O)c7ccccc7C6=O)cc5)c4)cc3)cc2C(F)(F)F)c1,1,46.0
NC(=O)c1nn(-c2ccccc2)c2c1C(=O)N(c1ccc(NC(=O)c3noc4ccc(F)cc34)cc1)C2,1,35.33
Clc1ccc(NCC2CS2)c(Cl)c1,1,21.57
O=c1oc2ccc(O)cc2c(O)c1C=NCCc1ccccc1Br,1,30.87
Nc1ccc(Cc2cccc(N)c2)cc1,1,18.85
N=C(N)c1cc(Cn2ccnc2)cs1,1,21.39
CNC(=O)c1cc(C(=N)N)sc1Oc1cc2c(ccc(=O)n2Cc2ccc(Cl)cc2)cc1F,1,40.6
CN(C)c1ccc(C2N(C)C(C)(C)N2O)cc1,1,27.3
NNc1ccccc1Nc1c(-c2ccccn2)nc2c3ccccc3on12,1,37.96
CN1CCN(C(=O)c2cn(Cc3ccc(Cl)nc3)nn2)CC1,1,27.03
O=c1c2cc(Br)ccc2nc(C=C2C=Nc3ccccc32)n1-c1ccccc1,1,26.23
Cc1c(O)c2c(c(O)c1N1CC1C)-c1ccc(NN)cc1C1C(O)CN21,1,45.99
CC(Cc1c(Sc2ccc3ccccc3c2)nc2c(Cl)cc(Cl)cn12)N(C)C,1,32.09
O=C(O)C(=O)N(CCC1c2ccccc2-c2ccccc21)Cc1cccc(OC(Cc2cccc(Oc3ccccc3)c2)c2ccc(CS(=O)(=O)c3ccc(C(=O)O)cc3)o2)c1,1,55.84
N=C(N)c1ccc(Oc2cccc(F)c2)cc1,1,17.16
CC(=NNC(N)=S)c1cc(-c2ccccc2Cl)nc2c(C(F)(F)F)cccc12,1,30.5
C=C(C#N)C(O)c1cccc(Cl)c1,1,24.48
N=C(N)c1ccc(O)c(Oc2ccc(Nc3ccc(=N)[nH]c3)cc2Cl)c1,1,27.37
O=c1ccc(Oc2cc(C(F)F)ccn2)nn1N1CCCC1,1,36.02
N=C(NC12CC3CC(C1)CC(C(=O)n1ccnc1)(C3)C2)c1cc(Cl)cc(C(=O)c2ccccc2)c1,1,45.74
Cc1ccc(S(=O)(=O)N(c2cccnc2)c2ccc3c(O)c(O)c(N=Nc4ccc(C(F)(F)F)cc4)c(O)c3c2)cc1,1,42.27
N=c1occ2ccc(CN(CCCCN)C(=O)c3nn4c(O)cc(-c5ccncc5)nc4c3O)ccc1-2,1,49.92
COc1ccccc1NC(=O)CC(c1ccccc1)c1ccco1,1,25.1
CC(C)C(N)C(=O)NC1CCN(c2ccc(S(=O)(=O)C3(C(O)=NO)CCOCC3)cc2)CC1,1,28.2
FC1CCN(Cc2cccc(-c3nc4cnccn4n3)c2)CC1,1,25.83
CC(=O)N1CCC(CC#N)(n2cc(C(N)=O)c(=Nc3ccc(S(=O)(=O)NCCN4CCCC4)cc3)[nH]2)CC1,1,28.69
O=S(=O)(Nc1cccc(-c2cscn2)c1)c1ccc(F)cc1F,1,23.61
CCOc1ccc(OC)cc1C=NC1c2ccccc2-c2ccc(C(=N)Nc3cc[n+](CC)cc3)cc21,1,45.41
COc1ccc(-c2csc(=NC(=O)CCc3nc(-c4ccc(OC)c(Br)c4)no3)[nH]2)cc1,1,34.64
CCN(CC)C(=O)c1cc(C(=O)N(Cc2c(Cl)cccc2-c2nc(C)no2)C2CC2)cc2cnccc12,1,41.78
COc1ccccc1-c1cc(CNCC(=O)N2CCCC2C#N)no1,1,29.05
Cn1c(=O)c2c(SCC(=O)Nc3ccccc3)nc(-c3ccccc3Cl)nc2n(C)c1=O,1,28.65
N=C(N)c1ccc(CNCC2CCN(S(=O)(=O)c3ccc(Br)c4nonc34)C2)cc1,1,38.18
O=C1N(Cc2ccccc2Cl)CN(c2ccc(Cl)cc2)C12CCN(CC1CC1)CC2,1,24.61
CCOC(=O)CN1CCN(CC(=O)Nc2c(Cl)cc(Cl)cc2C(=O)Nc2ccc(Cl)cc2)CC1,1,30.16
Cn1ccc2ccc(Nc3ccc(CC(N)C(=O)O)cc3Cl)c(C3C(C#N)C3(C)C)c21,1,43.51
CN1c2ccccc2C2(CC#N)c3c(c(O)n(-c4cccc(C(F)(F)F)c4C(F)(F)F)c3O)-c3[nH]c4ccccc4c3C12,1,39.97
O=C(CN(c1ccc(C(=O)N2CCCCC2)cc1)S(=O)(=O)c1ccc(O)c(C(=O)O)c1)c1cccc([N+](=O)[O-])c1,1,37.83
CC1=C(C)Cc2c(c(O)n(-c3c(Cl)cc(NC(=O)c4cc(C(F)(F)F)nn4-c4cccc(C(=N)N)c4)cc3Cl)c2O)C1,1,35.47
COc1ccc(-c2csc(=NC(=O)c3c[nH]c4ccc(F)c(F)c4c3=O)[nH]2)cc1OC,1,33.51
CN1CCOC(COc2ccc(NC(=S)Nc3ccc(C=CC(=O)Nc4ccccc4N)cc3Cl)cc2Cl)C1,1,37.92
CC(=O)Nc1ccc(S(=O)(=O)Nc2cnc3ccccc3c2)cc1,1,21.03
Fc1ccc(-c2nc(CN3CCN(c4ccc(Cl)cc4)CC3)co2)cc1,1,19.88
